Cut the Rope Free,com.zeptolab.ctr.ads,free.webp,the original one! (don't download the newer versions..),10,ic-onesignal-large-icon-default-1.png,ic-onesignal-large-icon-default.png,icon-105.png,icon-125.png,icon-14.png,icon-41.png,icon-46.png,icon-52.png,icon-63.png,icon-69.png,icon-75.png,icon-background-13.png,icon-background-14.png,icon-background-41.png,icon-background-45.png,icon-background-46.png,icon-background-51.png,icon-background-52.png,icon-foreground-13.png,icon-foreground-14.png,icon-foreground-41.png,icon-foreground-45.png,icon-foreground-46.png,icon-foreground-51.png,icon-foreground-52.png
,v3.77.2,fabric.webp,https://www.apkmirror.com/apk/zeptolab/cut-the-rope/cut-the-rope-3-77-2-release/,,,
,,,https://apkpure.com/cut-the-rope/com.zeptolab.ctr.ads/download/3.77.2,,,
,,,https://downzen.com/en/android/cut-the-rope-full-free/download/3772/,,,
,v3.77.1,fabric.webp,https://www.apkmirror.com/apk/zeptolab/cut-the-rope/cut-the-rope-3-77-1-release/,,,
,,,https://apkpure.com/cut-the-rope/com.zeptolab.ctr.ads/download/3.77.1,,,
,v3.77.0,fabric.webp,https://www.apkmirror.com/apk/zeptolab/cut-the-rope/cut-the-rope-3-77-0-release/,,,
,,,https://apkpure.com/cut-the-rope/com.zeptolab.ctr.ads/download/3.77.0,,,
,v3.76.2,aislop.webp,https://www.apkmirror.com/apk/zeptolab/cut-the-rope/cut-the-rope-3-76-2-release/,,,
,,,https://apkpure.com/cut-the-rope/com.zeptolab.ctr.ads/download/3.76.2,,,
,v3.76.0,aislop.webp,https://apkpure.com/cut-the-rope/com.zeptolab.ctr.ads/download/3.76.0,,,
,v3.75.0,aislop.webp,https://www.apkmirror.com/apk/zeptolab/cut-the-rope/cut-the-rope-3-75-0-release/,,,
,,,https://apkpure.com/cut-the-rope/com.zeptolab.ctr.ads/download/3.75.0,,,
,v3.74.0,aislop.webp,https://www.apkmirror.com/apk/zeptolab/cut-the-rope/cut-the-rope-3-74-0-release/,,,
,,,https://apkpure.com/cut-the-rope/com.zeptolab.ctr.ads/download/3.74.0,,,
,v3.73.0,idk.webp,https://www.apkmirror.com/apk/zeptolab/cut-the-rope/cut-the-rope-3-73-0-release/,,,
,,,https://apkpure.com/cut-the-rope/com.zeptolab.ctr.ads/download/3.73.0,,,
,v3.72.0,aislop.webp,https://www.apkmirror.com/apk/zeptolab/cut-the-rope/cut-the-rope-3-72-0-release/,,,
,,,https://apkpure.com/cut-the-rope/com.zeptolab.ctr.ads/download/3.72.0,,,
,,,https://downzen.com/en/android/cut-the-rope-full-free/download/3720/,,,
,v3.71.0,idk.webp,https://apkpure.com/cut-the-rope/com.zeptolab.ctr.ads/download/3.71.0,,,
,,,https://downzen.com/en/android/cut-the-rope-full-free/download/3710/,,,
,,,http://cut-the-rope-full-free.apk.watch/3.71.0,,,
,v3.70.0,idk.webp,https://apkpure.com/cut-the-rope/com.zeptolab.ctr.ads/download/3.70.0,,,
,,,https://downzen.com/en/android/cut-the-rope-full-free/download/3700/,,,
,v3.69.1,idk.webp,https://apkpure.com/cut-the-rope/com.zeptolab.ctr.ads/download/3.69.1,,,
,,,https://downzen.com/en/android/cut-the-rope-full-free/download/3691/,,,
,v3.69.0,idk.webp,https://apkpure.com/cut-the-rope/com.zeptolab.ctr.ads/download/3.69.0,,,
,v3.68.0,idk.webp,https://apkpure.com/cut-the-rope/com.zeptolab.ctr.ads/download/3.68.0,,,
,,,https://downzen.com/en/android/cut-the-rope-full-free/download/3680/,,,
,v3.67.1,idk.webp,https://apkpure.com/cut-the-rope/com.zeptolab.ctr.ads/download/3.67.1,,,
,v3.67.0,idk.webp,https://apkpure.com/cut-the-rope/com.zeptolab.ctr.ads/download/3.67.0,,,
,v3.66.0,idk.webp,https://apkpure.com/cut-the-rope/com.zeptolab.ctr.ads/download/3.66.0,,,
,,,https://downzen.com/en/android/cut-the-rope-full-free/download/3660/,,,
,v3.65.1,fabric.webp,https://apkpure.com/cut-the-rope/com.zeptolab.ctr.ads/download/3.65.1,,,
,,,http://cut-the-rope-full-free.apk.watch/3.65.1,,,
,v3.65.0,fabric.webp,https://www.apkmirror.com/apk/zeptolab/cut-the-rope/cut-the-rope-3-65-0-release/,,,
,,,https://apkpure.com/cut-the-rope/com.zeptolab.ctr.ads/download/3.65.0,,,
,,,https://downzen.com/en/android/cut-the-rope-full-free/download/3650/,,,
,,,http://cut-the-rope-full-free.apk.watch/3.65.0,,,
,,,"https://cdn.candies.monster/apks/com.zeptolab.ctr.ads/com.zeptolab.ctr.ads_3.65.0-2350948_minAPI21(arm64-v8a,armeabi-v7a,x86,x86_64)(nodpi)_apkmirror.com.apk",,"arm64, arm32, x86, x86_64",93.54MB
,,,"https://cdn.candies.monster/apks/com.zeptolab.ctr.ads/com.zeptolab.ctr.ads_3.65.0-2350948_minAPI21(arm64-v8a,armeabi-v7a,x86,x86_64)(nodpi)_apkmirror.com.apk",,"arm64, arm32, x86, x86_64",93.54MB
,v3.64.0,fabric.webp,https://www.apkmirror.com/apk/zeptolab/cut-the-rope/cut-the-rope-3-64-0-release/,,,
,,,https://apkpure.com/cut-the-rope/com.zeptolab.ctr.ads/download/3.64.0,,,
,,,http://cut-the-rope-full-free.apk.watch/3.64.0,,,
,,,"https://cdn.candies.monster/apks/com.zeptolab.ctr.ads/com.zeptolab.ctr.ads_3.64.0-2350526_minAPI21(arm64-v8a,armeabi-v7a,x86,x86_64)(nodpi)_apkmirror.com.apk",,"arm64, arm32, x86, x86_64",93.23MB
,,,"https://cdn.candies.monster/apks/com.zeptolab.ctr.ads/com.zeptolab.ctr.ads_3.64.0-2350526_minAPI21(arm64-v8a,armeabi-v7a,x86,x86_64)(nodpi)_apkmirror.com.apk",,"arm64, arm32, x86, x86_64",93.23MB
,v3.63.0,idk.webp,https://www.apkmirror.com/apk/zeptolab/cut-the-rope/cut-the-rope-3-63-0-release/,,,
,,,https://cdn.candies.monster/apks/com.zeptolab.ctr.ads/com.zeptolab.ctr.ads_3.63.0-2149866_minAPI19(arm64-v8a)(nodpi)_apkmirror.com.apk,,arm64,72.37MB
,,,https://cdn.candies.monster/apks/com.zeptolab.ctr.ads/com.zeptolab.ctr.ads_3.63.0-2149866_minAPI19(arm64-v8a)(nodpi)_apkmirror.com.apk,,arm64,72.37MB
,,,https://cdn.candies.monster/apks/com.zeptolab.ctr.ads/com.zeptolab.ctr.ads_3.63.0-2149866_minAPI19(armeabi-v7a)(nodpi)_apkmirror.com.apk,,arm32,71.49MB
,,,https://cdn.candies.monster/apks/com.zeptolab.ctr.ads/com.zeptolab.ctr.ads_3.63.0-2149866_minAPI19(x86)(nodpi)_apkmirror.com.apk,,x86,72.75MB
,,,https://cdn.candies.monster/apks/com.zeptolab.ctr.ads/com.zeptolab.ctr.ads_3.63.0-2149866_minAPI19(x86_64)(nodpi)_apkmirror.com.apk,,x86_64,72.69MB
,,,https://apkpure.com/cut-the-rope/com.zeptolab.ctr.ads/download/3.63.0,,,
,,,https://downzen.com/en/android/cut-the-rope-full-free/download/3630/,,,
,,,http://cut-the-rope-full-free.apk.watch/3.63.0/2149866,,,
,,,https://cdn.candies.monster/apks/com.zeptolab.ctr.ads/com.zeptolab.ctr.ads_3.63.0-2149866_minAPI19(arm64-v8a)(nodpi)_apkmirror.com.apk,,arm32,71.49MB
,v3.62.0,fabric.webp,https://www.apkmirror.com/apk/zeptolab/cut-the-rope/cut-the-rope-3-62-0-release/,,,
,,,https://apkpure.com/cut-the-rope/com.zeptolab.ctr.ads/download/3.62.0,,,
,,,https://downzen.com/en/android/cut-the-rope-full-free/download/3620/,,,
,,,http://cut-the-rope-full-free.apk.watch/3.62.0/2149617,,,
,,,https://cdn.candies.monster/apks/com.zeptolab.ctr.ads/com.zeptolab.ctr.ads_3.62.0-2149617_minAPI19(arm64-v8a)(nodpi)_apkmirror.com.apk,,arm64,71.36MB
,,,https://cdn.candies.monster/apks/com.zeptolab.ctr.ads/com.zeptolab.ctr.ads_3.62.0-2149617_minAPI19(arm64-v8a)(nodpi)_apkmirror.com.apk,,arm64,71.36MB
,,,https://cdn.candies.monster/apks/com.zeptolab.ctr.ads/com.zeptolab.ctr.ads_3.62.0-2149617_minAPI19(armeabi-v7a)(nodpi)_apkmirror.com.apk,,arm32,70.66MB
,,,https://cdn.candies.monster/apks/com.zeptolab.ctr.ads/com.zeptolab.ctr.ads_3.62.0-2149617_minAPI19(x86)(nodpi)_apkmirror.com.apk,,x86,71.91MB
,,,https://cdn.candies.monster/apks/com.zeptolab.ctr.ads/com.zeptolab.ctr.ads_3.62.0-2149617_minAPI19(x86_64)(nodpi)_apkmirror.com.apk,,x86_64,71.85MB
,v3.61.0,fabric.webp,https://www.apkmirror.com/apk/zeptolab/cut-the-rope/cut-the-rope-3-61-0-release/,,,
,,,https://apkpure.com/cut-the-rope/com.zeptolab.ctr.ads/download/3.61.0,,,
,,,https://downzen.com/en/android/cut-the-rope-full-free/download/3610/,,,
,,,http://cut-the-rope-full-free.apk.watch/3.61.0,,,
,,,https://cdn.candies.monster/apks/com.zeptolab.ctr.ads/com.zeptolab.ctr.ads_3.61.0-2149348_minAPI19(arm64-v8a)(nodpi)_apkmirror.com.apk,,arm64,71.52MB
,,,https://cdn.candies.monster/apks/com.zeptolab.ctr.ads/com.zeptolab.ctr.ads_3.61.0-2149348_minAPI19(arm64-v8a)(nodpi)_apkmirror.com.apk,,arm64,71.52MB
,,,https://cdn.candies.monster/apks/com.zeptolab.ctr.ads/com.zeptolab.ctr.ads_3.61.0-2149348_minAPI19(armeabi-v7a)(nodpi)_apkmirror.com.apk,,arm32,70.65MB
,,,https://cdn.candies.monster/apks/com.zeptolab.ctr.ads/com.zeptolab.ctr.ads_3.61.0-2149348_minAPI19(x86)(nodpi)_apkmirror.com.apk,,x86,71.90MB
,,,https://cdn.candies.monster/apks/com.zeptolab.ctr.ads/com.zeptolab.ctr.ads_3.61.0-2149348_minAPI19(x86_64)(nodpi)_apkmirror.com.apk,,x86_64,71.84MB
,v3.60.1,fabric.webp,https://www.apkmirror.com/apk/zeptolab/cut-the-rope/cut-the-rope-3-60-1-release/,,,
,,,https://apkpure.com/cut-the-rope/com.zeptolab.ctr.ads/download/3.60.1,,,
,,,https://downzen.com/en/android/cut-the-rope-full-free/download/3601/,,,
,,,http://cut-the-rope-full-free.apk.watch/3.60.1/2149175,,,
,,,https://cdn.candies.monster/apks/com.zeptolab.ctr.ads/com.zeptolab.ctr.ads_3.60.1-2149175_minAPI19(arm64-v8a)(nodpi)_apkmirror.com.apk,,arm64,71.77MB
,,,https://cdn.candies.monster/apks/com.zeptolab.ctr.ads/com.zeptolab.ctr.ads_3.60.1-2149175_minAPI19(arm64-v8a)(nodpi)_apkmirror.com.apk,,arm64,71.77MB
,,,https://cdn.candies.monster/apks/com.zeptolab.ctr.ads/com.zeptolab.ctr.ads_3.60.1-2149175_minAPI19(armeabi-v7a)(nodpi)_apkmirror.com.apk,,arm32,70.69MB
,,,https://cdn.candies.monster/apks/com.zeptolab.ctr.ads/com.zeptolab.ctr.ads_3.60.1-2149175_minAPI19(x86)(nodpi)_apkmirror.com.apk,,x86,71.93MB
,,,https://cdn.candies.monster/apks/com.zeptolab.ctr.ads/com.zeptolab.ctr.ads_3.60.1-2149175_minAPI19(x86_64)(nodpi)_apkmirror.com.apk,,x86_64,71.87MB
,v3.60.0,fabric.webp,https://www.apkmirror.com/apk/zeptolab/cut-the-rope/cut-the-rope-3-60-0-release/,,,
,,,https://apkpure.com/cut-the-rope/com.zeptolab.ctr.ads/download/3.60.0,,,
,,,https://cdn.candies.monster/apks/com.zeptolab.ctr.ads/com.zeptolab.ctr.ads_3.60.0-2149022_minAPI19(arm64-v8a)(nodpi)_apkmirror.com.apk,,arm64,71.77MB
,,,https://cdn.candies.monster/apks/com.zeptolab.ctr.ads/com.zeptolab.ctr.ads_3.60.0-2149022_minAPI19(arm64-v8a)(nodpi)_apkmirror.com.apk,,arm64,71.77MB
,,,https://cdn.candies.monster/apks/com.zeptolab.ctr.ads/com.zeptolab.ctr.ads_3.60.0-2149022_minAPI19(armeabi-v7a)(nodpi)_apkmirror.com.apk,,arm32,70.69MB
,,,https://cdn.candies.monster/apks/com.zeptolab.ctr.ads/com.zeptolab.ctr.ads_3.60.0-2149022_minAPI19(x86)(nodpi)_apkmirror.com.apk,,x86,71.94MB
,,,https://cdn.candies.monster/apks/com.zeptolab.ctr.ads/com.zeptolab.ctr.ads_3.60.0-2149022_minAPI19(x86_64)(nodpi)_apkmirror.com.apk,,x86_64,71.87MB
,v3.59.1,fabric.webp,https://www.apkmirror.com/apk/zeptolab/cut-the-rope/cut-the-rope-3-59-1-release/,,,
,,,https://apkpure.com/cut-the-rope/com.zeptolab.ctr.ads/download/3.59.1,,,
,,,https://downzen.com/en/android/cut-the-rope-full-free/download/3591/,,,
,,,http://cut-the-rope-full-free.apk.watch/3.59.1/2148906,,,
,,,https://cdn.candies.monster/apks/com.zeptolab.ctr.ads/com.zeptolab.ctr.ads_3.59.1-2148906_minAPI19(arm64-v8a)(nodpi)_apkmirror.com.apk,,arm64,62.42MB
,,,https://cdn.candies.monster/apks/com.zeptolab.ctr.ads/com.zeptolab.ctr.ads_3.59.1-2148906_minAPI19(arm64-v8a)(nodpi)_apkmirror.com.apk,,arm64,62.42MB
,,,https://cdn.candies.monster/apks/com.zeptolab.ctr.ads/com.zeptolab.ctr.ads_3.59.1-2148906_minAPI19(armeabi-v7a)(nodpi)_apkmirror.com.apk,,arm32,61.88MB
,,,https://cdn.candies.monster/apks/com.zeptolab.ctr.ads/com.zeptolab.ctr.ads_3.59.1-2148906_minAPI19(x86)(nodpi)_apkmirror.com.apk,,x86,62.79MB
,,,https://cdn.candies.monster/apks/com.zeptolab.ctr.ads/com.zeptolab.ctr.ads_3.59.1-2148906_minAPI19(x86_64)(nodpi)_apkmirror.com.apk,,x86_64,62.73MB
,v3.59.0,fabric.webp,https://apkpure.com/cut-the-rope/com.zeptolab.ctr.ads/download/3.59.0,,,
,v3.58.0,fabric.webp,https://www.apkmirror.com/apk/zeptolab/cut-the-rope/cut-the-rope-3-58-0-release/,,,
,,,https://apkpure.com/cut-the-rope/com.zeptolab.ctr.ads/download/3.58.0,,,
,,,http://cut-the-rope-full-free.apk.watch/3.58.0/2148465,,,
,,,https://cdn.candies.monster/apks/com.zeptolab.ctr.ads/com.zeptolab.ctr.ads_3.58.0-2148465_minAPI19(armeabi-v7a)(nodpi)_apkmirror.com.apk,,arm32,61.35MB
,,,https://cdn.candies.monster/apks/com.zeptolab.ctr.ads/com.zeptolab.ctr.ads_3.58.0-2148465_minAPI19(armeabi-v7a)(nodpi)_apkmirror.com.apk,,arm32,61.35MB
,v3.57.0,fabric.webp,https://www.apkmirror.com/apk/zeptolab/cut-the-rope/cut-the-rope-3-57-0-release/,,,
,,,https://apkpure.com/cut-the-rope/com.zeptolab.ctr.ads/download/3.57.0,,,
,,,https://downzen.com/en/android/cut-the-rope-full-free/download/3570/,,,
,,,https://cdn.candies.monster/apks/com.zeptolab.ctr.ads/com.zeptolab.ctr.ads_3.57.0-2148120_minAPI19(armeabi-v7a)(nodpi)_apkmirror.com.apk,,arm32,61.23MB
,,,https://cdn.candies.monster/apks/com.zeptolab.ctr.ads/com.zeptolab.ctr.ads_3.57.0-2148120_minAPI19(armeabi-v7a)(nodpi)_apkmirror.com.apk,,arm32,61.23MB
,v3.56.0,fabric.webp,https://apkpure.com/cut-the-rope/com.zeptolab.ctr.ads/download/3.56.0,,,
,,,https://downzen.com/en/android/cut-the-rope-full-free/download/3560/,,,
,,,http://cut-the-rope-full-free.apk.watch/3.56.0/2147305,,,
,v3.55.0,fabric.webp,https://cut-the-rope.en.uptodown.com/android/download/113410057,,,
,,,http://cut-the-rope-full-free.apk.watch/3.55.0,,,
,v3.54.1,fabric.webp,https://cut-the-rope.en.uptodown.com/android/download/110398752,,,
,,,https://downzen.com/en/android/cut-the-rope-full-free/download/3541/,,,
,,,http://cut-the-rope-full-free.apk.watch/3.54.1/2146641,,,
,v3.54.0,fabric.webp,https://cut-the-rope.en.uptodown.com/android/download/122193348,,,
,,,https://downzen.com/en/android/cut-the-rope-full-free/download/3540/,,,
,,,http://cut-the-rope-full-free.apk.watch/3.54.0/2146546,,,
,v3.53.0,fabric.webp,https://cut-the-rope.en.uptodown.com/android/download/1095863979,,,
,,,https://downzen.com/en/android/cut-the-rope-full-free/download/3530/,,,
,,,http://cut-the-rope-full-free.apk.watch/3.53.0,,,
,v3.52.4,fabric.webp,https://apkpure.com/cut-the-rope/com.zeptolab.ctr.ads/download/3.52.4,,,
,,,https://downzen.com/en/android/cut-the-rope-full-free/download/3524/,,,
,,,http://cut-the-rope-full-free.apk.watch/3.52.4/2145545,,,
,v3.52.3,fabric.webp,https://cut-the-rope.en.uptodown.com/android/download/120783877,,,
,v3.52.1,fabric.webp,https://apkpure.com/cut-the-rope/com.zeptolab.ctr.ads/download/3.52.1,,,
,,,http://cut-the-rope-full-free.apk.watch/3.52.1,,,
,v3.52.0,fabric.webp,https://cut-the-rope.en.uptodown.com/android/download/1100539131,,,
,v3.51.0,fabric.webp,https://cut-the-rope.en.uptodown.com/android/download/1074699394,,,
,,,https://downzen.com/en/android/cut-the-rope-full-free/download/3510/,,,
,,,http://cut-the-rope-full-free.apk.watch/3.51.0/2143778,,,
,v3.50.0,fabric.webp,https://cut-the-rope.en.uptodown.com/android/download/104087960,,,
,,,https://downzen.com/en/android/cut-the-rope-full-free/download/3500/,,,
,,,http://cut-the-rope-full-free.apk.watch/3.50.0/2143506,,,
,v3.49.0,fabric.webp,https://cut-the-rope.en.uptodown.com/android/download/103319252,,,
,,,http://cut-the-rope-full-free.apk.watch/3.49.0/2142730,,,
,v3.48.0,fabric.webp,https://cut-the-rope.en.uptodown.com/android/download/102569459,,,
,,,http://cut-the-rope-full-free.apk.watch/3.48.0/2142384,,,
,v3.47.0,fabric.webp,https://cut-the-rope.en.uptodown.com/android/download/1060325511,,,
,,,http://cut-the-rope-full-free.apk.watch/3.47.0/2142098,,,
,v3.46.0,fabric.webp,https://cut-the-rope.en.uptodown.com/android/download/122032143,,,
,,,https://downzen.com/en/android/cut-the-rope-full-free/download/3460/,,,
,,,http://cut-the-rope-full-free.apk.watch/3.46.0/2140925,,,
,v3.45.0,fabric.webp,https://cut-the-rope.en.uptodown.com/android/download/88656422,,,
,,,https://downzen.com/en/android/cut-the-rope-full-free/download/3450/,,,
,,,http://cut-the-rope-full-free.apk.watch/3.45.0/2139364,,,
,v3.44.0,fabric.webp,https://cut-the-rope.en.uptodown.com/android/download/89831860,,,
,,,https://downzen.com/en/android/cut-the-rope-full-free/download/3440/,,,
,,,http://cut-the-rope-full-free.apk.watch/3.44.0/2139198,,,
,v3.43.0,fabric.webp,https://cut-the-rope.en.uptodown.com/android/download/87969937,,,
,,,https://downzen.com/en/android/cut-the-rope-full-free/download/3430/,,,
,v3.41.0,fabric.webp,https://cut-the-rope.en.uptodown.com/android/download/93785201,,,
,,,https://downzen.com/en/android/cut-the-rope-full-free/download/3410/,,,
,v3.40.0,fabric.webp,https://cut-the-rope.en.uptodown.com/android/download/86885257,,,
,,,https://downzen.com/en/android/cut-the-rope-full-free/download/3400/,,,
,,,http://cut-the-rope-full-free.apk.watch/3.40.0,,,
,v3.39.0,fabric.webp,https://cut-the-rope.en.uptodown.com/android/download/83146816,,,
,,,https://downzen.com/en/android/cut-the-rope-full-free/download/3390/,,,
,,,http://cut-the-rope-full-free.apk.watch/3.39.0/2136961,,,
,v3.38.0,fabric.webp,https://cut-the-rope.en.uptodown.com/android/download/81079900,,,
,v3.37.0,fabric.webp,https://cut-the-rope.en.uptodown.com/android/download/77192788,,,
,v3.36.0,fabric.webp,https://cut-the-rope.en.uptodown.com/android/download/75679957,,,
,v3.35.0,fabric.webp,https://cut-the-rope.en.uptodown.com/android/download/64839976,,,
,v3.34.0,fabric.webp,https://cut-the-rope.en.uptodown.com/android/download/1095052189,,,
,,,https://downzen.com/en/android/cut-the-rope-full-free/download/3340/,,,
,,,http://cut-the-rope-full-free.apk.watch/3.34.0/2133969,,,
,v3.33.0,fabric.webp,https://cut-the-rope.en.uptodown.com/android/download/4547980,,,
,,,https://downzen.com/en/android/cut-the-rope-full-free/download/3330/,,,
,,,http://cut-the-rope-full-free.apk.watch/3.33.0/2128148,,,
,v3.32.0,fabric.webp,https://cut-the-rope.en.uptodown.com/android/download/1025436454,,,
,,,https://downzen.com/en/android/cut-the-rope-full-free/download/3320/,,,
,,,http://cut-the-rope-full-free.apk.watch/3.32.0/2126772,,,
,v3.31.0,fabric.webp,https://cut-the-rope.en.uptodown.com/android/download/4018667,,,
,,,https://downzen.com/en/android/cut-the-rope-full-free/download/3310/,,,
,,,http://cut-the-rope-full-free.apk.watch/3.31.0/2125667,,,
,v3.30.0,fabric.webp,https://cut-the-rope.en.uptodown.com/android/download/3866010,,,
,,,https://downzen.com/en/android/cut-the-rope-full-free/download/3300/,,,
,,,http://cut-the-rope-full-free.apk.watch/3.30.0/2123916,,,
,v3.27.1,fabric.webp,https://cut-the-rope.en.uptodown.com/android/download/1039875072,,,
,,,https://downzen.com/en/android/cut-the-rope-full-free/download/3271/,,,
,v3.26.1,fabric.webp,https://cut-the-rope.en.uptodown.com/android/download/1048126112,,,
,,,https://downzen.com/en/android/cut-the-rope-full-free/download/3261/,,,
,,,http://cut-the-rope-full-free.apk.watch/3.26.1,,,
,v3.25.0,fabric.webp,https://cut-the-rope.en.uptodown.com/android/download/2899742,,,
,,,https://downzen.com/en/android/cut-the-rope-full-free/download/3250/,,,
,,,http://cut-the-rope-full-free.apk.watch/3.25.0,,,
,v3.24.0,idk.webp,https://www.apkmirror.com/apk/zeptolab/cut-the-rope/cut-the-rope-3-24-0-release/,,,
,,,https://downzen.com/en/android/cut-the-rope-full-free/download/3240/,,,
,,,http://cut-the-rope-full-free.apk.watch/3.24.0,,,
,,,https://cdn.candies.monster/apks/com.zeptolab.ctr.ads/com.zeptolab.ctr.ads_3.24.0-1919148_minAPI17(armeabi-v7a)(nodpi)_apkmirror.com.apk,,arm32,52.50MB
,,,https://cdn.candies.monster/apks/com.zeptolab.ctr.ads/com.zeptolab.ctr.ads_3.24.0-1919148_minAPI17(armeabi-v7a)(nodpi)_apkmirror.com.apk,,arm32,52.50MB
,v3.23.0,fabric.webp,https://cut-the-rope.en.uptodown.com/android/download/1014590134,,,
,,,https://downzen.com/en/android/cut-the-rope-full-free/download/3230/,,,
,,,http://cut-the-rope-full-free.apk.watch/3.23.0,,,
,v3.22.1,fabric.webp,https://cut-the-rope.en.uptodown.com/android/download/1096549515,,,
,,,https://downzen.com/en/android/cut-the-rope-full-free/download/3221/,,,
,,,http://cut-the-rope-full-free.apk.watch/3.22.1,,,
,v3.21.0,fabric.webp,https://cut-the-rope.en.uptodown.com/android/download/1096699195,,,
,,,https://downzen.com/en/android/cut-the-rope-full-free/download/3210/,,,
,,,http://cut-the-rope-full-free.apk.watch/3.21.0,,,
,v3.20.2,fabric.webp,https://cut-the-rope.en.uptodown.com/android/download/2283131,,,
,,,https://downzen.com/en/android/cut-the-rope-full-free/download/3202/,,,
,,,http://cut-the-rope-full-free.apk.watch/3.20.2,,,
,v3.20.1,fabric.webp,https://cut-the-rope.en.uptodown.com/android/download/121656857,,,
,,,https://downzen.com/en/android/cut-the-rope-full-free/download/3201/,,,
,,,http://cut-the-rope-full-free.apk.watch/3.20.1,,,
,v3.20.0,fabric.webp,https://cut-the-rope.en.uptodown.com/android/download/65100575,,,
,v3.19.0,fabric.webp,https://cut-the-rope.en.uptodown.com/android/download/1101042098,,,
,,,https://downzen.com/en/android/cut-the-rope-full-free/download/3190/,,,
,,,http://cut-the-rope-full-free.apk.watch/3.19.0,,,
,v3.18.0,fabric.webp,https://cut-the-rope.en.uptodown.com/android/download/3403845,,,
,,,https://downzen.com/en/android/cut-the-rope-full-free/download/3180/,,,
,,,http://cut-the-rope-full-free.apk.watch/3.18.0,,,
,v3.17.0,fabric.webp,https://cut-the-rope.en.uptodown.com/android/download/2140906,,,
,,,https://downzen.com/en/android/cut-the-rope-full-free/download/3170/,,,
,,,http://cut-the-rope-full-free.apk.watch/3.17.0,,,
,v3.15.3,fabric.webp,https://cut-the-rope.en.uptodown.com/android/download/1008190944,,,
,,,https://downzen.com/en/android/cut-the-rope-full-free/download/3153/,,,
,,,http://cut-the-rope-full-free.apk.watch/3.15.3,,,
,v3.15.2,fabric.webp,https://cut-the-rope.en.uptodown.com/android/download/119400124,,,
,,,http://cut-the-rope-full-free.apk.watch/3.15.2,,,
,v3.15.1,fabric.webp,https://cut-the-rope.en.uptodown.com/android/download/1053320847,,,
,,,https://downzen.com/en/android/cut-the-rope-full-free/download/3151/,,,
,v3.15.0,fabric.webp,https://cut-the-rope.en.uptodown.com/android/download/2113553,,,
,,,https://downzen.com/en/android/cut-the-rope-full-free/download/3150/,,,
,v3.14.0,fabric.webp,https://cut-the-rope.en.uptodown.com/android/download/1050487658,,,
,,,https://downzen.com/en/android/cut-the-rope-full-free/download/3140/,,,
,v3.12.2,fabric.webp,https://cut-the-rope.en.uptodown.com/android/download/1954671,,,
,,,https://downzen.com/en/android/cut-the-rope-full-free/download/3122/,,,
,,,http://cut-the-rope-full-free.apk.watch/3.12.2,,,
,v3.12.1,fabric.webp,https://cut-the-rope.en.uptodown.com/android/download/1947781,,,
,,,https://downzen.com/en/android/cut-the-rope-full-free/download/3121/,,,
,v3.12.0,fabric.webp,https://cut-the-rope.en.uptodown.com/android/download/1941303,,,
,,,https://downzen.com/en/android/cut-the-rope-full-free/download/3120/,,,
,,,http://cut-the-rope-full-free.apk.watch/3.12.0,,,
,v3.11.1,idk.webp,https://www.apkmirror.com/apk/zeptolab/cut-the-rope/cut-the-rope-3-11-1-release/,,,
,,,https://downzen.com/en/android/cut-the-rope-full-free/download/3111/,,,
,,,http://cut-the-rope-full-free.apk.watch/3.11.1,,,
,,,"https://cdn.candies.monster/apks/com.zeptolab.ctr.ads/com.zeptolab.ctr.ads_3.11.1-1795763_minAPI16(armeabi-v7a,x86)(nodpi)_apkmirror.com.apk",,"arm32, x86",59.67MB
,,,"https://cdn.candies.monster/apks/com.zeptolab.ctr.ads/com.zeptolab.ctr.ads_3.11.1-1795763_minAPI16(armeabi-v7a,x86)(nodpi)_apkmirror.com.apk",,"arm32, x86",59.67MB
,v3.11.0,idk.webp,https://www.apkmirror.com/apk/zeptolab/cut-the-rope/cut-the-rope-3-11-0-release/,,,
,,,https://cdn.candies.monster/apks/com.zeptolab.ctr.ads/com.zeptolab.ctr.ads_3.11.0-1794302_minAPI16(armeabi-v7a)(nodpi)_apkmirror.com.apk,,arm32,54.15MB
,,,https://cdn.candies.monster/apks/com.zeptolab.ctr.ads/com.zeptolab.ctr.ads_3.11.0-1794302_minAPI16(armeabi-v7a)(nodpi)_apkmirror.com.apk,,arm32,54.15MB
,v3.10.4,idk.webp,https://cut-the-rope.en.uptodown.com/android/download/1069076364,,,
,,,https://downzen.com/en/android/cut-the-rope-full-free/download/3104/,,,
,,,http://cut-the-rope-full-free.apk.watch/3.10.4/1792586,,,
,v3.10.2,idk.webp,https://cut-the-rope.en.uptodown.com/android/download/1907417,,,
,,,https://downzen.com/en/android/cut-the-rope-full-free/download/3102/,,,
,,,http://cut-the-rope-full-free.apk.watch/3.10.2,,,
,v3.10.1,idk.webp,https://www.apkmirror.com/apk/zeptolab/cut-the-rope/cut-the-rope-3-10-1-release/,,,
,,,https://downzen.com/en/android/cut-the-rope-full-free/download/3101/,,,
,,,http://cut-the-rope-full-free.apk.watch/3.10.1,,,
,,,"https://cdn.candies.monster/apks/com.zeptolab.ctr.ads/com.zeptolab.ctr.ads_3.10.1-1789877_minAPI16(armeabi-v7a,x86)(nodpi)_apkmirror.com.apk",,"arm32, x86",63.59MB
,,,"https://cdn.candies.monster/apks/com.zeptolab.ctr.ads/com.zeptolab.ctr.ads_3.10.1-1789877_minAPI16(armeabi-v7a,x86)(nodpi)_apkmirror.com.apk",,"arm32, x86",63.59MB
,v3.10.0,idk.webp,https://www.apkmirror.com/apk/zeptolab/cut-the-rope/cut-the-rope-3-10-0-release/,,,
,,,https://downzen.com/en/android/cut-the-rope-full-free/download/3100/,,,
,,,http://cut-the-rope-full-free.apk.watch/3.10.0,,,
,,,"https://cdn.candies.monster/apks/com.zeptolab.ctr.ads/com.zeptolab.ctr.ads_3.10.0-1789671_minAPI16(armeabi-v7a,x86)(nodpi)_apkmirror.com.apk",,"arm32, x86",63.59MB
,,,"https://cdn.candies.monster/apks/com.zeptolab.ctr.ads/com.zeptolab.ctr.ads_3.10.0-1789671_minAPI16(armeabi-v7a,x86)(nodpi)_apkmirror.com.apk",,"arm32, x86",63.59MB
,v3.9.1,free.webp,https://cut-the-rope.en.uptodown.com/android/download/1789215,,,
,,,https://downzen.com/en/android/cut-the-rope-full-free/download/391/,,,
,v3.9.0,free.webp,https://cut-the-rope.en.uptodown.com/android/download/1785490,,,
,,,https://downzen.com/en/android/cut-the-rope-full-free/download/390/,,,
,,,http://cut-the-rope-full-free.apk.watch/3.9.0,,,
,v3.8.0,free.webp,https://cut-the-rope.en.uptodown.com/android/download/1763651,,,
,,,https://downzen.com/en/android/cut-the-rope-full-free/download/380/,,,
,,,http://cut-the-rope-full-free.apk.watch/3.8.0,,,
,v3.7.2,free.webp,https://cut-the-rope.en.uptodown.com/android/download/1021870984,,,
,,,https://downzen.com/en/android/cut-the-rope-full-free/download/372/,,,
,,,http://cut-the-rope-full-free.apk.watch/3.7.2,,,
,v3.7.1,free.webp,https://cut-the-rope.en.uptodown.com/android/download/1743381,,,
,v3.7.0,strawberry.webp,https://www.apkmirror.com/apk/zeptolab/cut-the-rope/cut-the-rope-3-7-0-release/,,,
,,,https://downzen.com/en/android/cut-the-rope-full-free/download/370/,,,
,,,http://cut-the-rope-full-free.apk.watch/3.7.0,,,
,,,"https://cdn.candies.monster/apks/com.zeptolab.ctr.ads/com.zeptolab.ctr.ads_3.7.0-1775994_minAPI16(armeabi-v7a,x86)(nodpi)_apkmirror.com.apk",,"arm32, x86",48.51MB
,,,"https://cdn.candies.monster/apks/com.zeptolab.ctr.ads/com.zeptolab.ctr.ads_3.7.0-1775994_minAPI16(armeabi-v7a,x86)(nodpi)_apkmirror.com.apk",,"arm32, x86",48.51MB
,v3.6.1,free.webp,https://cut-the-rope.en.uptodown.com/android/download/104843665,,,
,,,https://downzen.com/en/android/cut-the-rope-full-free/download/361/,,,
,,,http://cut-the-rope-full-free.apk.watch/3.6.1,,,
,v3.6.0,valentinesmodern.webp,https://www.apkmirror.com/apk/zeptolab/cut-the-rope/cut-the-rope-3-6-0-release/,,,
,,,https://downzen.com/en/android/cut-the-rope-full-free/download/360/,,,
,,,http://cut-the-rope-full-free.apk.watch/3.6.0,,,
,,,"https://cdn.candies.monster/apks/com.zeptolab.ctr.ads/com.zeptolab.ctr.ads_3.6.0-1766925_minAPI16(armeabi-v7a,x86)(nodpi)_apkmirror.com.apk",,"arm32, x86",44.91MB
,,,"https://cdn.candies.monster/apks/com.zeptolab.ctr.ads/com.zeptolab.ctr.ads_3.6.0-1766925_minAPI16(armeabi-v7a,x86)(nodpi)_apkmirror.com.apk",,"arm32, x86",44.91MB
,v3.5.1,christmas2017.webp,https://www.apkmirror.com/apk/zeptolab/cut-the-rope/cut-the-rope-3-5-1-release/,,,
,,,https://downzen.com/en/android/cut-the-rope-full-free/download/351/,,,
,,,http://cut-the-rope-full-free.apk.watch/3.5.1,,,
,,,"https://cdn.candies.monster/apks/com.zeptolab.ctr.ads/com.zeptolab.ctr.ads_3.5.1-1766487_minAPI16(armeabi-v7a,x86)(nodpi)_apkmirror.com.apk",,"arm32, x86",53.32MB
,,,"https://cdn.candies.monster/apks/com.zeptolab.ctr.ads/com.zeptolab.ctr.ads_3.5.1-1766487_minAPI16(armeabi-v7a,x86)(nodpi)_apkmirror.com.apk",,"arm32, x86",53.32MB
,v3.4.0,christmas2017.webp,https://www.apkmirror.com/apk/zeptolab/cut-the-rope/cut-the-rope-3-4-0-release/,,,
,,,"https://cdn.candies.monster/apks/com.zeptolab.ctr.ads/com.zeptolab.ctr.ads_3.4.0-1765769_minAPI16(armeabi-v7a,x86)(nodpi)_apkmirror.com.apk",,"arm32, x86",53.33MB
,,,"https://cdn.candies.monster/apks/com.zeptolab.ctr.ads/com.zeptolab.ctr.ads_3.4.0-1765769_minAPI16(armeabi-v7a,x86)(nodpi)_apkmirror.com.apk",,"arm32, x86",53.33MB
,v3.3.1,free.webp,https://cut-the-rope.en.uptodown.com/android/download/1693188,,,
,,,https://downzen.com/en/android/cut-the-rope-full-free/download/331/,,,
,,,http://cut-the-rope-full-free.apk.watch/3.3.1,,,
,v3.3.0,halloween.webp,https://www.apkmirror.com/apk/zeptolab/cut-the-rope/cut-the-rope-3-3-0-release/,,,
,,,"https://cdn.candies.monster/apks/com.zeptolab.ctr.ads/com.zeptolab.ctr.ads_3.3.0-1758926_minAPI16(armeabi-v7a,x86)(nodpi)_apkmirror.com.apk",,"arm32, x86",44.17MB
,,,"https://cdn.candies.monster/apks/com.zeptolab.ctr.ads/com.zeptolab.ctr.ads_3.3.0-1758926_minAPI16(armeabi-v7a,x86)(nodpi)_apkmirror.com.apk",,"arm32, x86",44.17MB
,v3.2.1,free.webp,https://cut-the-rope.en.uptodown.com/android/download/1659510,,,
,,,https://downzen.com/en/android/cut-the-rope-full-free/download/321/,,,
,,,http://cut-the-rope-full-free.apk.watch/3.2.1,,,
,v3.2.0,free.webp,https://cut-the-rope.en.uptodown.com/android/download/1657356,,,
,,,https://downzen.com/en/android/cut-the-rope-full-free/download/320/,,,
,,,http://cut-the-rope-full-free.apk.watch/3.2.0,,,
,v2.8.0,free.webp,https://cut-the-rope.en.uptodown.com/android/download/1485311,,,
,,,https://downzen.com/en/android/cut-the-rope-full-free/download/280/,,,
,,,http://cut-the-rope-full-free.apk.watch/2.8.0,,,
,v2.7.0,free.webp,https://cut-the-rope.en.uptodown.com/android/download/1232593,,,
,,,https://downzen.com/en/android/cut-the-rope-full-free/download/270/,,,
,,,http://cut-the-rope-full-free.apk.watch/2.7.0,,,
,v2.6.5,free.webp,https://www.apkmirror.com/apk/zeptolab/cut-the-rope/cut-the-rope-2-6-5-release/cut-the-rope-2-6-5-android-apk-download/,,,
,,,https://cut-the-rope.en.uptodown.com/android/download/528413,,,
,,,http://cut-the-rope-full-free.apk.watch/2.6.5,,,
,,,"https://cdn.candies.monster/apks/com.zeptolab.ctr.ads/com.zeptolab.ctr.ads_2.6.5-1707957_minAPI16(armeabi-v7a,x86)(nodpi)_apkmirror.com.apk",,"arm32, x86",32.05MB
,,,"https://cdn.candies.monster/apks/com.zeptolab.ctr.ads/com.zeptolab.ctr.ads_2.6.5-1707957_minAPI16(armeabi-v7a,x86)(nodpi)_apkmirror.com.apk",,"arm32, x86",32.05MB
,v2.5.9,free.webp,https://www.apkmirror.com/apk/zeptolab/cut-the-rope/cut-the-rope-2-5-9-release/cut-the-rope-2-5-9-android-apk-download/,,,
,,,https://cut-the-rope.en.uptodown.com/android/download/450285,,,
,,,http://cut-the-rope-full-free.apk.watch/2.5.9,,,
,,,"https://cdn.candies.monster/apks/com.zeptolab.ctr.ads/com.zeptolab.ctr.ads_2.5.9-1501390_minAPI14(armeabi,x86)(nodpi)_apkmirror.com.apk",,"arm, x86",31.47MB
,,,"https://cdn.candies.monster/apks/com.zeptolab.ctr.ads/com.zeptolab.ctr.ads_2.5.9-1501390_minAPI14(armeabi,x86)(nodpi)_apkmirror.com.apk",,"arm, x86",31.47MB
,v2.5.8,free.webp,https://apk.cafe/download?file_id=13827/cut-the-rope-full-free,,,
,,,http://cut-the-rope-full-free.apk.watch/2.5.8,,,
,v2.5.7,free.webp,https://cut-the-rope.en.uptodown.com/android/download/320233,,,
,,,http://cut-the-rope-full-free.apk.watch/2.5.7,,,
,v2.5.6,mechanicalbox.webp,https://cut-the-rope.en.uptodown.com/android/download/287551,,,
,,,http://cut-the-rope-full-free.apk.watch/2.5.6,,,
,v2.5.5,mechanicalbox.webp,https://cut-the-rope.en.uptodown.com/android/download/278345,,,
,,,http://cut-the-rope-full-free.apk.watch/2.5.5,,,
,v2.5.4,mechanicalbox.webp,https://apk.cafe/download?file_id=10382/cut-the-rope-full-free,,,
,,,http://cut-the-rope-full-free.apk.watch/2.5.4,,,
,v2.5.2,mechanicalbox.webp,https://cut-the-rope.en.uptodown.com/android/download/123925,,,
,,,http://cut-the-rope-full-free.apk.watch/2.5.2,,,
,v2.5.1,mechanicalbox.webp,https://www.apkmirror.com/apk/zeptolab/cut-the-rope/cut-the-rope-2-5-1-release/cut-the-rope-2-5-1-android-apk-download/,,,
,,,https://cut-the-rope.en.uptodown.com/android/download/122639,,,
,,,http://cut-the-rope-full-free.apk.watch/2.5.1,,,
,,,"https://cdn.candies.monster/apks/com.zeptolab.ctr.ads/com.zeptolab.ctr.ads_2.5.1-976049_minAPI9(armeabi,x86)(nodpi)_apkmirror.com.apk",,"arm, x86",28.94MB
,,,"https://cdn.candies.monster/apks/com.zeptolab.ctr.ads/com.zeptolab.ctr.ads_2.5.1-976049_minAPI9(armeabi,x86)(nodpi)_apkmirror.com.apk",,"arm, x86",28.94MB
,v2.4.7,free.webp,https://www.apkmirror.com/apk/zeptolab/cut-the-rope/cut-the-rope-2-4-7-release/cut-the-rope-2-4-7-android-apk-download/,,,
,,,https://cut-the-rope.en.uptodown.com/android/download/105693,,,
,,,http://cut-the-rope-full-free.apk.watch/2.4.7,,,
,,,"https://cdn.candies.monster/apks/com.zeptolab.ctr.ads/com.zeptolab.ctr.ads_2.4.7-973460_minAPI9(armeabi,x86)(nodpi)_apkmirror.com.apk",,"arm, x86",28.11MB
,,,"https://cdn.candies.monster/apks/com.zeptolab.ctr.ads/com.zeptolab.ctr.ads_2.4.7-973460_minAPI9(armeabi,x86)(nodpi)_apkmirror.com.apk",,"arm, x86",28.11MB
,v2.4.6,free.webp,https://cut-the-rope.en.uptodown.com/android/download/95757,,,
,,,http://cut-the-rope-full-free.apk.watch/2.4.6,,,
,v2.4.5,free.webp,https://www.apkmirror.com/apk/zeptolab/cut-the-rope/cut-the-rope-2-4-5-release/cut-the-rope-2-4-5-android-apk-download/,,,
,,,https://cut-the-rope.en.uptodown.com/android/download/93895,,,
,,,"https://cdn.candies.monster/apks/com.zeptolab.ctr.ads/com.zeptolab.ctr.ads_2.4.5-912245_minAPI9(armeabi,x86)(nodpi)_apkmirror.com.apk",,"arm, x86",27.31MB
,,,"https://cdn.candies.monster/apks/com.zeptolab.ctr.ads/com.zeptolab.ctr.ads_2.4.5-912245_minAPI9(armeabi,x86)(nodpi)_apkmirror.com.apk",,"arm, x86",27.31MB
,v2.4.4,free.webp,https://cut-the-rope.en.uptodown.com/android/download/84721,,,
,,,http://cut-the-rope-full-free.apk.watch/2.4.4,,,
,v2.3.8,free2.webp,https://www.apkmirror.com/apk/zeptolab/cut-the-rope/cut-the-rope-2-3-8-release/cut-the-rope-2-3-8-android-apk-download/,,,
,,,https://cut-the-rope.en.uptodown.com/android/download/79161,,,
,,,"https://cdn.candies.monster/apks/com.zeptolab.ctr.ads/com.zeptolab.ctr.ads_2.3.8-34_minAPI8(armeabi,x86)(nodpi)_apkmirror.com.apk",,"arm, x86",26.03MB
,,,"https://cdn.candies.monster/apks/com.zeptolab.ctr.ads/com.zeptolab.ctr.ads_2.3.8-34_minAPI8(armeabi,x86)(nodpi)_apkmirror.com.apk",,"arm, x86",26.03MB
,v2.3.7,free.webp,https://cut-the-rope.en.uptodown.com/android/download/59773,,,
,v2.3.6,free2.webp,https://www.apkmirror.com/apk/zeptolab/cut-the-rope/cut-the-rope-2-3-6-release/cut-the-rope-2-3-6-android-apk-download/,,,
,,,https://cut-the-rope.en.uptodown.com/android/download/58098,,,
,,,"https://cdn.candies.monster/apks/com.zeptolab.ctr.ads/com.zeptolab.ctr.ads_2.3.6-32_minAPI8(armeabi,x86)(nodpi)_apkmirror.com.apk",,"arm, x86",25.45MB
,,,"https://cdn.candies.monster/apks/com.zeptolab.ctr.ads/com.zeptolab.ctr.ads_2.3.6-32_minAPI8(armeabi,x86)(nodpi)_apkmirror.com.apk",,"arm, x86",25.45MB
,v2.3.3,free2.webp,https://www.apkmirror.com/apk/zeptolab/cut-the-rope/cut-the-rope-2-3-3-release/cut-the-rope-2-3-3-android-apk-download/,,,
,,,https://cut-the-rope.en.uptodown.com/android/download/72909,,,
,,,http://cut-the-rope-full-free.apk.watch/2.3.3,,,
,,,"https://cdn.candies.monster/apks/com.zeptolab.ctr.ads/com.zeptolab.ctr.ads_2.3.3-28_minAPI8(armeabi,x86)(nodpi)_apkmirror.com.apk",,"arm, x86",26.73MB
,,,"https://cdn.candies.monster/apks/com.zeptolab.ctr.ads/com.zeptolab.ctr.ads_2.3.3-28_minAPI8(armeabi,x86)(nodpi)_apkmirror.com.apk",,"arm, x86",26.73MB
,v2.3,free2.webp,https://www.apkmirror.com/apk/zeptolab/cut-the-rope/cut-the-rope-2-3-release/cut-the-rope-2-3-android-apk-download/,,,
,,,https://cut-the-rope.en.uptodown.com/android/download/48414,,,
,,,"https://cdn.candies.monster/apks/com.zeptolab.ctr.ads/com.zeptolab.ctr.ads_2.3-22_minAPI8(armeabi,x86)(nodpi)_apkmirror.com.apk",,"arm, x86",28.26MB
,,,"https://cdn.candies.monster/apks/com.zeptolab.ctr.ads/com.zeptolab.ctr.ads_2.3-22_minAPI8(armeabi,x86)(nodpi)_apkmirror.com.apk",,"arm, x86",28.26MB
,v2.2.1,free2.webp,https://www.apkmirror.com/apk/zeptolab/cut-the-rope/cut-the-rope-2-2-1-release/cut-the-rope-2-2-1-android-apk-download/,,,
,,,http://cut-the-rope-full-free.apk.watch/2.2.1,,,
,,,"https://cdn.candies.monster/apks/com.zeptolab.ctr.ads/com.zeptolab.ctr.ads_2.2.1-20_minAPI4(armeabi,x86)(nodpi)_apkmirror.com.apk",,"arm, x86",23.96MB
,,,"https://cdn.candies.monster/apks/com.zeptolab.ctr.ads/com.zeptolab.ctr.ads_2.2.1-20_minAPI4(armeabi,x86)(nodpi)_apkmirror.com.apk",,"arm, x86",23.96MB
,v1.4.1,free2.webp,https://www.apkmirror.com/apk/zeptolab/cut-the-rope/cut-the-rope-1-4-1-release/,,,
,,,"https://cdn.candies.monster/apks/com.zeptolab.ctr.ads/com.zeptolab.ctr.ads_1.4.1-9_minAPI4(armeabi,armeabi-v7a)(nodpi)_apkmirror.com.apk",,"arm, arm32",20.81MB
,,,"https://cdn.candies.monster/apks/com.zeptolab.ctr.ads/com.zeptolab.ctr.ads_1.4.1-9_minAPI4(armeabi,armeabi-v7a)(nodpi)_apkmirror.com.apk",,"arm, arm32",20.81MB
,v1.3.2,original.webp,https://www.mediafire.com/file/gp8gu3ze01cstx2/Cut_the_Rope_1.3.2.apk,,,
,v1.3.1,original.webp,https://www.mediafire.com/file/7uan5ze5k15ge1m/Cut+the+Rope+v1.3.1+Final+Android.apk,,,
,v1.3,original.webp,https://www.mediafire.com/file/kxk40qhudcgqwd2/Cut+the+Rope+1.3.zip/file,,,
,v1.0,original.webp,https://archive.org/download/cuttherope_new9871t/cuttherope_new9871t.apk,,,
+ Cut the Rope GOLD,com.zeptolab.ctr.paid,free.webp,,10
,v2.2,original.webp,https://www.apkbe.com/down/com.zeptolab.ctr.paid_2.2_paid,,,
,v2.0.1,original.webp,https://www.apkbe.com/down/com.zeptolab.ctr.paid_2.2_paid,,,
,v1.4.4,original.webp,https://www.apkbe.com/down/com.zeptolab.ctr.paid_1.4.4_paid,,,
,v1.1.1,original.webp,https://archive.org/download/cut-the-rope-apk-1.1.1/com.zeptolab.ctr.paid_1.1.1_paid-www.apkhere.com.apk,,,
,,,https://www.apkbe.com/down/com.zeptolab.ctr.paid_1.1.1_paid,,,
+ Cut the Rope,com.zeptolab.ctr.tryandbuy.svyaznoy,free.webp,,10
,v2.2.1,free.webp,https://4pda.to/forum/dl/post/32797125/Cut%2Bthe%2BRope_com.zeptolab.ctr.tryandbuy.svyaznoy.apk,,,
Cut the Rope 2,com.zeptolab.ctr2.f2p.google,ctr2.webp,rope tuah,9,icon-104.png,icon-108.png,icon-14.png,icon-177.png,icon-50.png,icon-56.png,icon-62.png,icon-68.png,icon-92.png,icon-background-43.png,icon-background.png,icon-foreground-43.png,icon-foreground.png,icon.png
,v1.44.0,ctr2.webp,https://www.apkmirror.com/apk/zeptolab/cut-the-rope-2/cut-the-rope-2-1-44-0-release/,,,
,,,https://cdn.candies.monster/apks/com.zeptolab.ctr2.f2p.google/Cut the Rope 2_1.44.0_APKPure.apk,,arm64,56.08MB
,,,https://cdn.candies.monster/apks/com.zeptolab.ctr2.f2p.google/Cut the Rope 2_1.44.0_APKPure.xapk,,arm64,84.95MB
,,,https://apkpure.com/cut-the-rope-2/com.zeptolab.ctr2.f2p.google/download/1.44.0,,,
,v1.43.0,ctr2.webp,https://www.apkmirror.com/apk/zeptolab/cut-the-rope-2/cut-the-rope-2-1-43-0-release/,,,
,,,https://apkpure.com/cut-the-rope-2/com.zeptolab.ctr2.f2p.google/download/1.43.0,,,
,v1.42.0,ctr2.webp,https://www.apkmirror.com/apk/zeptolab/cut-the-rope-2/cut-the-rope-2-1-42-0-release/,,,
,,,https://apkpure.com/cut-the-rope-2/com.zeptolab.ctr2.f2p.google/download/1.42.0,,,
,v1.41.0,ctr2.webp,https://www.apkmirror.com/apk/zeptolab/cut-the-rope-2/cut-the-rope-2-1-41-0-release/,,,
,,,https://apkpure.com/cut-the-rope-2/com.zeptolab.ctr2.f2p.google/download/1.41.0,,,
,,,http://cut-the-rope-2.apk.watch/1.41.0,,,
,,,https://apkpure.com/cut-the-rope-2/com.zeptolab.ctr2.f2p.google/download/1.41.0,,,
,,,http://cut-the-rope-2.apk.watch/1.41.0,,,
,,,https://cdn.candies.monster/apks/com.zeptolab.ctr2.f2p.google/cut-the-rope-2-1-41-0.apk,,"arm64, arm32, x86, x86_64",108.36MB
,v1.40.0,ctr2.webp,https://www.apkmirror.com/apk/zeptolab/cut-the-rope-2/cut-the-rope-2-1-40-0-release/,,,
,,,https://apkpure.com/cut-the-rope-2/com.zeptolab.ctr2.f2p.google/download/1.40.0,,,
,,,http://cut-the-rope-2.apk.watch/1.40.0/2150029,,,
,,,http://cut-the-rope-2.apk.watch/1.40.0/2172029,,,
,,,https://apkpure.com/cut-the-rope-2/com.zeptolab.ctr2.f2p.google/download/1.40.0,,,
,,,http://cut-the-rope-2.apk.watch/1.40.0/2150029,,,
,,,http://cut-the-rope-2.apk.watch/1.40.0/2172029,,,
,,,https://cdn.candies.monster/apks/com.zeptolab.ctr2.f2p.google/cut-the-rope-2-1-40-0.apk,,arm32,73.71MB
,v1.39.0,ctr2.webp,https://www.apkmirror.com/apk/zeptolab/cut-the-rope-2/cut-the-rope-2-1-39-0-release/,,,
,,,https://apkpure.com/cut-the-rope-2/com.zeptolab.ctr2.f2p.google/download/1.39.0,,,
,,,http://cut-the-rope-2.apk.watch/1.39.0/2144642,,,
,,,http://cut-the-rope-2.apk.watch/1.39.0/2166642,,,
,,,https://apkpure.com/cut-the-rope-2/com.zeptolab.ctr2.f2p.google/download/1.39.0,,,
,,,http://cut-the-rope-2.apk.watch/1.39.0/2144642,,,
,,,http://cut-the-rope-2.apk.watch/1.39.0/2166642,,,
,,,https://cdn.candies.monster/apks/com.zeptolab.ctr2.f2p.google/cut-the-rope-2-1-39-0.apk,,arm64,74.20MB
,v1.38.0,ctr2.webp,https://www.apkmirror.com/apk/zeptolab/cut-the-rope-2/cut-the-rope-2-1-38-0-release/,,,
,,,https://apkpure.com/cut-the-rope-2/com.zeptolab.ctr2.f2p.google/download/1.38.0,,,
,,,http://cut-the-rope-2.apk.watch/1.38.0/2141530,,,
,,,http://cut-the-rope-2.apk.watch/1.38.0/2163530,,,
,,,https://apkpure.com/cut-the-rope-2/com.zeptolab.ctr2.f2p.google/download/1.38.0,,,
,,,http://cut-the-rope-2.apk.watch/1.38.0/2141530,,,
,,,http://cut-the-rope-2.apk.watch/1.38.0/2163530,,,
,,,https://cdn.candies.monster/apks/com.zeptolab.ctr2.f2p.google/cut-the-rope-2-1-38-0.apk,,arm64,75.55MB
,v1.37.0,ctr2.webp,https://www.apkmirror.com/apk/zeptolab/cut-the-rope-2/cut-the-rope-2-1-37-0-release/,,,
,,,https://apkpure.com/cut-the-rope-2/com.zeptolab.ctr2.f2p.google/download/1.37.0,,,
,,,http://cut-the-rope-2.apk.watch/1.37.0/2138278,,,
,,,http://cut-the-rope-2.apk.watch/1.37.0/2160278,,,
,,,https://apkpure.com/cut-the-rope-2/com.zeptolab.ctr2.f2p.google/download/1.37.0,,,
,,,http://cut-the-rope-2.apk.watch/1.37.0/2138278,,,
,,,http://cut-the-rope-2.apk.watch/1.37.0/2160278,,,
,,,https://cdn.candies.monster/apks/com.zeptolab.ctr2.f2p.google/cut-the-rope-2-1-37-0.apk,,arm32,74.39MB
,v1.36.0,ctr2.webp,https://www.apkmirror.com/apk/zeptolab/cut-the-rope-2/cut-the-rope-2-1-36-0-release/,,,
,,,https://apkpure.com/cut-the-rope-2/com.zeptolab.ctr2.f2p.google/download/1.36.0,,,
,,,http://cut-the-rope-2.apk.watch/1.36.0/2136723,,,
,,,http://cut-the-rope-2.apk.watch/1.36.0/2158723,,,
,,,https://apkpure.com/cut-the-rope-2/com.zeptolab.ctr2.f2p.google/download/1.36.0,,,
,,,http://cut-the-rope-2.apk.watch/1.36.0/2136723,,,
,,,http://cut-the-rope-2.apk.watch/1.36.0/2158723,,,
,,,https://cdn.candies.monster/apks/com.zeptolab.ctr2.f2p.google/cut-the-rope-2-1-36-0.apk,,arm32,73.60MB
,v1.35.0,ctr2.webp,https://www.apkmirror.com/apk/zeptolab/cut-the-rope-2/cut-the-rope-2-1-35-0-release/,,,
,,,https://apkpure.com/cut-the-rope-2/com.zeptolab.ctr2.f2p.google/download/1.35.0,,,
,,,https://apkpure.com/cut-the-rope-2/com.zeptolab.ctr2.f2p.google/download/1.35.0,,,
,,,https://cdn.candies.monster/apks/com.zeptolab.ctr2.f2p.google/cut-the-rope-2-1-35-0.apk,,arm32,72.15MB
,v1.28.0,ctr2.webp,https://www.apkmirror.com/apk/zeptolab/cut-the-rope-2/cut-the-rope-2-1-28-0-release/,,,
,,,https://apkpure.com/cut-the-rope-2/com.zeptolab.ctr2.f2p.google/download/1.28.0,,,
,,,https://cdn.candies.monster/apks/com.zeptolab.ctr2.f2p.google/cut-the-rope-2-1-28-0.apk,,arm32,72.46MB
,v1.27.0,ctr2.webp,https://www.apkmirror.com/apk/zeptolab/cut-the-rope-2/cut-the-rope-2-1-27-0-release/,,,
,,,https://apkpure.com/cut-the-rope-2/com.zeptolab.ctr2.f2p.google/download/1.27.0,,,
,,,http://cut-the-rope-2.apk.watch/1.27.0/1919121,,,
,,,http://cut-the-rope-2.apk.watch/1.27.0/1941121,,,
,,,https://apkpure.com/cut-the-rope-2/com.zeptolab.ctr2.f2p.google/download/1.27.0,,,
,,,http://cut-the-rope-2.apk.watch/1.27.0/1919121,,,
,,,http://cut-the-rope-2.apk.watch/1.27.0/1941121,,,
,,,https://cdn.candies.monster/apks/com.zeptolab.ctr2.f2p.google/cut-the-rope-2-1-27-0.apk,,arm32,72.58MB
,v1.15.2,ctr2.webp,https://www.apkmirror.com/apk/zeptolab/cut-the-rope-2/cut-the-rope-2-1-15-2-release/,,,
,,,http://cut-the-rope-2.apk.watch/1.15.2,,,
,,,"https://cdn.candies.monster/apks/com.zeptolab.ctr2.f2p.google/com.zeptolab.ctr2.f2p.google_1.15.2-1806145_minAPI16(arm64-v8a,armeabi-v7a,x86,x86_64)(nodpi)_apkmirror.com.apk",,"arm64, arm32, x86, x86_64",74.78MB
,,,"https://cdn.candies.monster/apks/com.zeptolab.ctr2.f2p.google/com.zeptolab.ctr2.f2p.google_1.15.2-1806145_minAPI16(arm64-v8a,armeabi-v7a,x86,x86_64)(nodpi)_apkmirror.com.apk",,"arm64, arm32, x86, x86_64",74.78MB
,v1.6.5,ctr2.webp,http://cut-the-rope-2.apk.watch/1.6.5,,,
,v1.5,ctr2.webp,https://www.apkmirror.com/apk/zeptolab/cut-the-rope-2/cut-the-rope-2-1-5-release/,,,
,,,"https://cdn.candies.monster/apks/com.zeptolab.ctr2.f2p.google/com.zeptolab.ctr2.f2p.google_1.5-983112_minAPI9(armeabi-v7a,x86)(nodpi)_apkmirror.com.apk",,"arm32, x86",45.84MB
,v1.0,ctr2.webp,https://www.apkmirror.com/apk/zeptolab/cut-the-rope-2/cut-the-rope-2-1-0-release/,,,
,,,"https://cdn.candies.monster/apks/com.zeptolab.ctr2.f2p.google/com.zeptolab.ctr2.f2p.google_1.0-812020_minAPI8(armeabi-v7a,x86)(nodpi)_apkmirror.com.apk",,"arm32, x86",43.01MB
,v1.34.0,ctr2.webp,https://apkpure.com/cut-the-rope-2/com.zeptolab.ctr2.f2p.google/download/1.34.0,,,
,,,http://cut-the-rope-2.apk.watch/1.34.0/2126773,,,
,,,http://cut-the-rope-2.apk.watch/1.34.0/2148773,,,
,,,https://cdn.candies.monster/apks/com.zeptolab.ctr2.f2p.google/cut-the-rope-2-1-34-0.apk,,arm32,71.43MB
,v1.33.0,ctr2.webp,https://apkpure.com/cut-the-rope-2/com.zeptolab.ctr2.f2p.google/download/1.33.0,,,
,,,http://cut-the-rope-2.apk.watch/1.33.0/2124168,,,
,,,http://cut-the-rope-2.apk.watch/1.33.0/2146168,,,
,,,https://cdn.candies.monster/apks/com.zeptolab.ctr2.f2p.google/cut-the-rope-2-1-33-0.apk,,arm32,71.88MB
,v1.30.0,ctr2.webp,https://apkpure.com/cut-the-rope-2/com.zeptolab.ctr2.f2p.google/download/1.30.0,,,
,,,http://cut-the-rope-2.apk.watch/1.30.0/2121582,,,
,,,http://cut-the-rope-2.apk.watch/1.30.0/2143582,,,
,,,https://cdn.candies.monster/apks/com.zeptolab.ctr2.f2p.google/cut-the-rope-2-1-30-0.apk,,arm64,74.07MB
,v1.29.0,ctr2.webp,https://apkpure.com/cut-the-rope-2/com.zeptolab.ctr2.f2p.google/download/1.29.0,,,
,,,http://cut-the-rope-2.apk.watch/1.29.0/2120473,,,
,,,http://cut-the-rope-2.apk.watch/1.29.0/2142473,,,
,,,https://cdn.candies.monster/apks/com.zeptolab.ctr2.f2p.google/cut-the-rope-2-1-29-0.apk,,arm32,73.12MB
,v1.26.0,ctr2.webp,https://apkpure.com/cut-the-rope-2/com.zeptolab.ctr2.f2p.google/download/1.26.0,,,
,,,http://cut-the-rope-2.apk.watch/1.26.0/1917847,,,
,,,http://cut-the-rope-2.apk.watch/1.26.0/1939847,,,
,,,https://cdn.candies.monster/apks/com.zeptolab.ctr2.f2p.google/cut-the-rope-2-1-26-0.apk,,arm32,71.89MB
,v1.25.0,ctr2.webp,https://apkpure.com/cut-the-rope-2/com.zeptolab.ctr2.f2p.google/download/1.25.0,,,
,,,http://cut-the-rope-2.apk.watch/1.25.0/1916833,,,
,,,http://cut-the-rope-2.apk.watch/1.25.0/1938833,,,
,v1.24.1,ctr2.webp,https://apkpure.com/cut-the-rope-2/com.zeptolab.ctr2.f2p.google/download/1.24.1,,,
,,,http://cut-the-rope-2.apk.watch/1.24.1/1914872,,,
,,,http://cut-the-rope-2.apk.watch/1.24.1/1936872,,,
,v1.24.0,ctr2.webp,https://apkpure.com/cut-the-rope-2/com.zeptolab.ctr2.f2p.google/download/1.24.0,,,
,,,http://cut-the-rope-2.apk.watch/1.24.0/1914661,,,
,,,http://cut-the-rope-2.apk.watch/1.24.0/1936661,,,
,,,https://cdn.candies.monster/apks/com.zeptolab.ctr2.f2p.google/cut-the-rope-2-1-24-1.apk,,arm64,72.57MB
,v1.22.0,ctr2.webp,https://androeed.store/files/cut-the-rope-2-gold.html,,,
,v1.6.6,ctr2.webp,https://www.apkmirror.com/apk/zeptolab/cut-the-rope-2/cut-the-rope-2-1-6-6-release/,,,
,,,http://cut-the-rope-2.apk.watch/1.6.6,,,
,,,"https://cdn.candies.monster/apks/com.zeptolab.ctr2.f2p.google/com.zeptolab.ctr2.f2p.google_1.6.6-1499463_minAPI14(armeabi-v7a,x86)(nodpi)_apkmirror.com.apk",,"arm32, x86",47.69MB
,,,"https://cdn.candies.monster/apks/com.zeptolab.ctr2.f2p.google/com.zeptolab.ctr2.f2p.google_1.6.6-1499463_minAPI14(armeabi-v7a,x86)(nodpi)_apkmirror.com.apk",,"arm32, x86",47.69MB
,v1.3.1,ctr2.webp,https://www.apkmirror.com/apk/zeptolab/cut-the-rope-2/cut-the-rope-2-1-3-1-release/,,,
,,,http://cut-the-rope-2.apk.watch/1.3.1,,,
,,,"https://cdn.candies.monster/apks/com.zeptolab.ctr2.f2p.google/com.zeptolab.ctr2.f2p.google_1.3.1-812131_minAPI9(armeabi-v7a,x86)(nodpi)_apkmirror.com.apk",,"arm32, x86",40.91MB
,,,"https://cdn.candies.monster/apks/com.zeptolab.ctr2.f2p.google/com.zeptolab.ctr2.f2p.google_1.3.1-812131_minAPI9(armeabi-v7a,x86)(nodpi)_apkmirror.com.apk",,"arm32, x86",40.91MB
,v1.0.2,ctr2.webp,https://www.apkmirror.com/apk/zeptolab/cut-the-rope-2/cut-the-rope-2-1-0-2-release/,,,
,,,"https://cdn.candies.monster/apks/com.zeptolab.ctr2.f2p.google/com.zeptolab.ctr2.f2p.google_1.0.2-812022_minAPI8(armeabi-v7a,x86)(nodpi)_apkmirror.com.apk",,"arm32, x86",41.55MB
,,,"https://cdn.candies.monster/apks/com.zeptolab.ctr2.f2p.google/com.zeptolab.ctr2.f2p.google_1.0.2-812022_minAPI8(armeabi-v7a,x86)(nodpi)_apkmirror.com.apk",,"arm32, x86",41.55MB
,v1.0.1,ctr2.webp,https://www.apkmirror.com/apk/zeptolab/cut-the-rope-2/cut-the-rope-2-1-0-1-release/,,,
,,,"https://cdn.candies.monster/apks/com.zeptolab.ctr2.f2p.google/com.zeptolab.ctr2.f2p.google_1.0.1-812021_minAPI8(armeabi-v7a,x86)(nodpi)_apkmirror.com.apk",,"arm32, x86",41.53MB
,,,"https://cdn.candies.monster/apks/com.zeptolab.ctr2.f2p.google/com.zeptolab.ctr2.f2p.google_1.0.1-812021_minAPI8(armeabi-v7a,x86)(nodpi)_apkmirror.com.apk",,"arm32, x86",41.53MB
,v1.10,ctr2.webp,https://cdn.candies.monster/apks/com.zeptolab.ctr2.f2p.google/cut-the-rope-2-1-10-0.apk,,"arm32, x86",59.04MB
,v1.11,ctr2.webp,https://cdn.candies.monster/apks/com.zeptolab.ctr2.f2p.google/cut-the-rope-2-1-11-0.apk,,"arm32, x86",62.15MB
,,,https://cdn.candies.monster/apks/com.zeptolab.ctr2.f2p.google/cut-the-rope-2-1-11-1.apk,,"arm32, x86",62.15MB
,v1.12,ctr2.webp,https://cdn.candies.monster/apks/com.zeptolab.ctr2.f2p.google/cut-the-rope-2-1-12-0.apk,,"arm32, x86",62.83MB
,,,https://cdn.candies.monster/apks/com.zeptolab.ctr2.f2p.google/cut-the-rope-2-1-12-1.apk,,"arm32, x86",62.86MB
,v1.14,ctr2.webp,https://cdn.candies.monster/apks/com.zeptolab.ctr2.f2p.google/cut-the-rope-2-1-14-0.apk,,"arm32, x86",64.65MB
,,,https://cdn.candies.monster/apks/com.zeptolab.ctr2.f2p.google/cut-the-rope-2-1-14-1.apk,,"arm64, arm32, x86, x86_64",75.82MB
,v1.15,ctr2.webp,https://cdn.candies.monster/apks/com.zeptolab.ctr2.f2p.google/cut-the-rope-2-1-15-0.apk,,"arm64, arm32, x86, x86_64",87.80MB
,,,https://cdn.candies.monster/apks/com.zeptolab.ctr2.f2p.google/cut-the-rope-2-1-15-1.apk,,"arm64, arm32, x86, x86_64",87.80MB
,,,https://cdn.candies.monster/apks/com.zeptolab.ctr2.f2p.google/cut-the-rope-2-1-15-2.apk,,"arm64, arm32, x86, x86_64",74.78MB
,v1.16.0,ctr2.webp,https://cdn.candies.monster/apks/com.zeptolab.ctr2.f2p.google/cut-the-rope-2-1-16-0.apk,,"arm32, x86",52.35MB
,v1.17.3,ctr2.webp,https://cdn.candies.monster/apks/com.zeptolab.ctr2.f2p.google/cut-the-rope-2-1-17-3.apk,,"arm64, arm32, x86, x86_64",65.67MB
,v1.17.4,ctr2.webp,https://cdn.candies.monster/apks/com.zeptolab.ctr2.f2p.google/cut-the-rope-2-1-17-4.apk,,"arm64, arm32, x86, x86_64",65.66MB
,v1.19.1,ctr2.webp,https://cdn.candies.monster/apks/com.zeptolab.ctr2.f2p.google/cut-the-rope-2-1-19-1.apk,,"arm64, arm32, x86, x86_64",78.28MB
,v1.19.2,ctr2.webp,https://cdn.candies.monster/apks/com.zeptolab.ctr2.f2p.google/cut-the-rope-2-1-19-2.apk,,"arm64, arm32, x86, x86_64",78.28MB
,v1.19.3,ctr2.webp,https://cdn.candies.monster/apks/com.zeptolab.ctr2.f2p.google/cut-the-rope-2-1-19-3.apk,,arm32,64.59MB
,v1.20.0,ctr2.webp,https://cdn.candies.monster/apks/com.zeptolab.ctr2.f2p.google/cut-the-rope-2-1-20-0.apk,,arm32,64.55MB
,v1.21.0,ctr2.webp,https://cdn.candies.monster/apks/com.zeptolab.ctr2.f2p.google/cut-the-rope-2-1-21-0.apk,,"arm64, arm32, x86, x86_64",92.25MB
,v1.21.1,ctr2.webp,https://cdn.candies.monster/apks/com.zeptolab.ctr2.f2p.google/cut-the-rope-2-1-21-1.apk,,"arm64, arm32, x86, x86_64",92.25MB
,v1.23.0,ctr2.webp,https://cdn.candies.monster/apks/com.zeptolab.ctr2.f2p.google/cut-the-rope-2-1-23-1.apk,,arm32,71.60MB
,v1.8.2,ctr2.webp,https://cdn.candies.monster/apks/com.zeptolab.ctr2.f2p.google/cut-the-rope-2-1-8-2.apk,,"arm32, x86",59.96MB
,v1.9.0,ctr2.webp,https://cdn.candies.monster/apks/com.zeptolab.ctr2.f2p.google/cut-the-rope-2-1-9-0.apk,,"arm32, x86",56.90MB
,v1.14.0,ctr2.webp,https://cdn.candies.monster/apks/com.zeptolab.ctr2.f2p.google/cut-the-rope-2.apk,,"arm32, x86",53.31MB
Cut the Rope: Origins,com.zeptolab.ctrorigins,modern.webp,"this game had a lot of different iterations besides these versions, and ALL of them are miserable.",4,app-icon-11.png
,v0.27.0,modern.webp,https://www.apkmirror.com/apk/zeptolab/cut-the-rope-origins/cut-the-rope-origins-0-27-0-release/,,,
,v0.26.1,modern.webp,https://www.apkmirror.com/apk/zeptolab/cut-the-rope-origins/cut-the-rope-origins-0-26-1-release/,,,
,v0.26.0,modern.webp,https://www.apkmirror.com/apk/zeptolab/cut-the-rope-origins/cut-the-rope-origins-0-26-0-release/,,,
,v0.25.2,modern.webp,https://www.apkmirror.com/apk/zeptolab/cut-the-rope-origins/cut-the-rope-origins-0-25-2-release/,,,
,v0.25.1,modern.webp,https://www.apkmirror.com/apk/zeptolab/cut-the-rope-origins/cut-the-rope-origins-0-25-1-release/,,,
,,,https://www.apkmirror.com/apk/zeptolab/cut-the-rope-origins/cut-the-rope-origins-0-25-1-release/,,,
,v0.25.0,modern.webp,https://www.apkmirror.com/apk/zeptolab/cut-the-rope-origins/cut-the-rope-origins-0-25-0-release/,,,
,,,https://cdn.candies.monster/leaks/Cut the Rope_ Origins PTC v0.25.0 (1).apk,,"arm64, arm32",247.57MB
,v0.24.3,modern.webp,https://www.apkmirror.com/apk/zeptolab/cut-the-rope-origins/cut-the-rope-origins-0-24-3-release/,,,
,v0.24.2,modern.webp,https://www.apkmirror.com/apk/zeptolab/cut-the-rope-origins/cut-the-rope-origins-0-24-2-release/,,,
,v0.24.1,modern.webp,https://www.apkmirror.com/apk/zeptolab/cut-the-rope-origins/cut-the-rope-origins-0-24-1-release/,,,
,v0.24.0,modern.webp,https://www.apkmirror.com/apk/zeptolab/cut-the-rope-origins/cut-the-rope-origins-0-24-0-release/,,,
,,,https://cdn.candies.monster/leaks/Cut the Rope_ Origins PTC v0.24.0 (1).apk,,"arm64, arm32",240.70MB
,v0.23.2,modern.webp,https://www.apkmirror.com/apk/zeptolab/cut-the-rope-origins/cut-the-rope-origins-0-23-2-release/,,,
,v0.23.1,modern.webp,https://www.apkmirror.com/apk/zeptolab/cut-the-rope-origins/cut-the-rope-origins-0-23-1-release/,,,
,v0.22.2,modern.webp,https://www.apkmirror.com/apk/zeptolab/cut-the-rope-origins/cut-the-rope-origins-0-22-2-release/,,,
,v0.22.1,modern.webp,https://www.apkmirror.com/apk/zeptolab/cut-the-rope-origins/cut-the-rope-origins-0-22-1-release/,,,
,v0.21.1,modern.webp,https://www.apkmirror.com/apk/zeptolab/cut-the-rope-origins/cut-the-rope-origins-0-21-1-release/,,,
,v0.5.2,modern.webp,https://www.apkmirror.com/apk/zeptolab/cut-the-rope-origins/cut-the-rope-origins-0-5-2-release/,,,
,v0.5.1,modern.webp,https://www.apkmirror.com/apk/zeptolab/cut-the-rope-origins/cut-the-rope-origins-0-5-1-release/,,,
,v0.2.1,modern.webp,https://www.apkmirror.com/apk/zeptolab/cut-the-rope-origins/cut-the-rope-origins-0-2-1-release/,,,
,v0.1.1,modern.webp,https://www.apkmirror.com/apk/zeptolab/cut-the-rope-origins/cut-the-rope-origins-0-1-1-release/,,,
,v0.1.0,modern.webp,https://www.apkmirror.com/apk/zeptolab/cut-the-rope-origins/cut-the-rope-origins-0-1-0-release/,,,
,v0.0.6,modern.webp,https://www.apkmirror.com/apk/zeptolab/cut-the-rope-origins/cut-the-rope-origins-0-0-6-release/,,,
,v0.18.0,modern.webp,https://cdn.candies.monster/leaks/Cut the Rope_ Origins Dev v0.18.0.apk,,"arm64, arm32",233.29MB
,,,https://cdn.candies.monster/leaks/Cut the Rope_ Origins v0.18.0.apk,,"arm64, arm32",258.03MB
,,,https://cdn.candies.monster/leaks/Cut the Rope_ Origins RC v0.18.0 (1).apk,,"arm64, arm32",257.69MB
,v0.23.0,modern.webp,https://cdn.candies.monster/leaks/Cut the Rope_ Origins RC v0.23.0.apk,,"arm64, arm32",237.96MB
,v0.21.0,modern.webp,https://cdn.candies.monster/leaks/Cut the Rope_ Origins RC v0.21.0 (1).apk,,"arm64, arm32",211.77MB
,v0.22.0,modern.webp,https://cdn.candies.monster/leaks/Cut the Rope_ Origins RC v0.22.0 (1).apk,,"arm64, arm32",290.62MB
,v0.9.0,modern.webp,https://cdn.candies.monster/leaks/Cut the Rope_ Origins RC v0.9.0 (1).apk,,"arm64, arm32",175.35MB
,v0.17.0,modern.webp,https://cdn.candies.monster/leaks/Cut the Rope_ Origins v0.17.0 (1).apk,,"arm64, arm32",260.41MB
Cut the Rope: Time Travel,com.zeptolab.timetravel,timetravel.webp,8 second rocket's beloved,6
,v1.20.0,timetravel.webp,https://www.apkmirror.com/apk/zeptolab/cut-the-rope-time-travel-2/cut-the-rope-time-travel-1-20-0-release/,,,
,v1.19.1,timetravel.webp,https://www.apkmirror.com/apk/zeptolab/cut-the-rope-time-travel-2/cut-the-rope-time-travel-2-1-19-1-release/,,,
,v1.18.0,timetravel.webp,https://androeed.store/files/cut-the-rope-time-travel-hd.html,,,
,v1.8.1,timetravel.webp,https://www.apkmirror.com/apk/zeptolab/cut-the-rope-time-travel-2/cut-the-rope-time-travel-1-8-1-release/,,,
,v1.7.1,timetravel.webp,https://www.apkmirror.com/apk/zeptolab/cut-the-rope-time-travel-2/cut-the-rope-time-travel-1-7-1-release/,,,
,v1.7.0,timetravel.webp,https://www.apkmirror.com/apk/zeptolab/cut-the-rope-time-travel-2/cut-the-rope-time-travel-1-7-0-release/,,,
,v1.6.0,timetravel.webp,https://www.apkmirror.com/apk/zeptolab/cut-the-rope-time-travel-2/cut-the-rope-time-travel-1-6-0-release/,,,
,v1.5.0,timetravel.webp,https://www.apkmirror.com/apk/zeptolab/cut-the-rope-time-travel-2/cut-the-rope-time-travel-1-5-0-release/,,,
,v1.4.6,timetravel.webp,https://www.apkmirror.com/apk/zeptolab/cut-the-rope-time-travel-2/cut-the-rope-time-travel-1-4-6-release/,,,
,v1.1.2,timetravel.webp,https://www.apkmirror.com/apk/zeptolab/cut-the-rope-time-travel-2/cut-the-rope-time-travel-1-1-2-release/,,,
,v1.1.1,timetravel.webp,https://www.apkmirror.com/apk/zeptolab/cut-the-rope-time-travel-2/cut-the-rope-time-travel-1-1-1-release/,,,
,v1.0.11,timetravel.webp,https://apkpure.com/cut-the-rope-time-travel-theme/com.airthemes.timetravelzeptolab/download/1.0.11,,,
,v1.0.2,timetravel.webp,https://www.apkmirror.com/apk/zeptolab/cut-the-rope-time-travel-2/cut-the-rope-time-travel-1-0-2-release/,,,
,v1.0.1,timetravel.webp,https://www.apkmirror.com/apk/zeptolab/cut-the-rope-time-travel-2/cut-the-rope-time-travel-1-0-1-release/,,,
Cut the Rope: Magic,com.zeptolab.ctrm.free.google,magic.webp,witchcraft,6,ic-onesignal-large-icon-default.png,icon-1.png,icon-125.png,icon-131.png,icon-background.png,icon-foreground.png
,v1.25.0,magic.webp,https://www.apkmirror.com/apk/zeptolab/cut-the-rope-magic/cut-the-rope-magic-1-25-0-release/,,,
,,,https://apkpure.com/cut-the-rope-magic/com.zeptolab.ctrm.free.google/download/1.25.0,,,
,v1.24.1,magic.webp,https://www.apkmirror.com/apk/zeptolab/cut-the-rope-magic/cut-the-rope-magic-1-24-1-release/,,,
,,,https://apkpure.com/cut-the-rope-magic/com.zeptolab.ctrm.free.google/download/1.24.1,,,
,v1.24.0,magic.webp,https://www.apkmirror.com/apk/zeptolab/cut-the-rope-magic/cut-the-rope-magic-1-24-0-release/,,,
,,,https://cdn.candies.monster/apks/com.zeptolab.ctrm.free.google/com.zeptolab.ctrm.free.google_1.24.0-2144784_minAPI19(arm64-v8a)(nodpi)_apkmirror.com.apk,,arm64,54.03MB
,,,https://cdn.candies.monster/apks/com.zeptolab.ctrm.free.google/2166784_minAPI19_.com_1.24.0_APKMirror.apk,,arm64,70.68MB
,,,https://cdn.candies.monster/apks/com.zeptolab.ctrm.free.google/com.zeptolab.ctrm.free.google_1.24.0-2144784_minAPI19(arm64-v8a)(nodpi)_apkmirror.com.apk,,arm64,54.03MB
,,,https://cdn.candies.monster/apks/com.zeptolab.ctrm.free.google/com.zeptolab.ctrm.free.google_1.24.0-2144784_minAPI19(armeabi-v7a)(nodpi)_apkmirror.com.apk,,arm32,53.10MB
,,,https://cdn.candies.monster/apks/com.zeptolab.ctrm.free.google/com.zeptolab.ctrm.free.google_1.24.0-2144784_minAPI19(x86)(nodpi)_apkmirror.com.apk,,x86,54.29MB
,,,https://cdn.candies.monster/apks/com.zeptolab.ctrm.free.google/com.zeptolab.ctrm.free.google_1.24.0-2144784_minAPI19(x86_64)(nodpi)_apkmirror.com.apk,,x86_64,54.45MB
,,,https://cdn.candies.monster/apks/com.zeptolab.ctrm.free.google/com.zeptolab.ctrm.free.google_1.24.0-2166784_minAPI19(arm64-v8a)(nodpi)_apkmirror.com.apk,,arm64,70.68MB
,,,https://cdn.candies.monster/apks/com.zeptolab.ctrm.free.google/com.zeptolab.ctrm.free.google_1.24.0-2166784_minAPI19(armeabi-v7a)(nodpi)_apkmirror.com.apk,,arm32,69.64MB
,,,https://apkpure.com/cut-the-rope-magic/com.zeptolab.ctrm.free.google/download/1.24.0,,,
,,,https://cdn.candies.monster/apks/com.zeptolab.ctrm.free.google/com.zeptolab.ctrm.free.google_1.24.0-2144784_minAPI19(arm64-v8a)(nodpi)_apkmirror.com.apk,,arm32,53.10MB
,,,https://cdn.candies.monster/apks/com.zeptolab.ctrm.free.google/2166784_minAPI19_.com_1.24.0_APKMirror.apk,,arm32,69.64MB
,v1.23.0,magic.webp,https://www.apkmirror.com/apk/zeptolab/cut-the-rope-magic/cut-the-rope-magic-1-23-0-release/,,,
,,,https://cdn.candies.monster/apks/com.zeptolab.ctrm.free.google/com.zeptolab.ctrm.free.google_1.23.0-2138302_minAPI19(arm64-v8a)(nodpi)_apkmirror.com.apk,,arm64,55.10MB
,,,https://cdn.candies.monster/apks/com.zeptolab.ctrm.free.google/2160302_minAPI19_.com_1.23.0_APKMirror.apk,,arm64,71.84MB
,,,https://cdn.candies.monster/apks/com.zeptolab.ctrm.free.google/com.zeptolab.ctrm.free.google_1.23.0-2138302_minAPI19(arm64-v8a)(nodpi)_apkmirror.com.apk,,arm64,55.10MB
,,,https://cdn.candies.monster/apks/com.zeptolab.ctrm.free.google/com.zeptolab.ctrm.free.google_1.23.0-2138302_minAPI19(armeabi-v7a)(nodpi)_apkmirror.com.apk,,arm32,54.26MB
,,,https://cdn.candies.monster/apks/com.zeptolab.ctrm.free.google/com.zeptolab.ctrm.free.google_1.23.0-2138302_minAPI19(x86)(nodpi)_apkmirror.com.apk,,x86,55.45MB
,,,https://cdn.candies.monster/apks/com.zeptolab.ctrm.free.google/com.zeptolab.ctrm.free.google_1.23.0-2138302_minAPI19(x86_64)(nodpi)_apkmirror.com.apk,,x86_64,55.62MB
,,,https://cdn.candies.monster/apks/com.zeptolab.ctrm.free.google/com.zeptolab.ctrm.free.google_1.23.0-2160302_minAPI19(arm64-v8a)(nodpi)_apkmirror.com.apk,,arm64,71.84MB
,,,https://cdn.candies.monster/apks/com.zeptolab.ctrm.free.google/com.zeptolab.ctrm.free.google_1.23.0-2160302_minAPI19(armeabi-v7a)(nodpi)_apkmirror.com.apk,,arm32,70.79MB
,,,https://apkpure.com/cut-the-rope-magic/com.zeptolab.ctrm.free.google/download/1.23.0,,,
,,,https://cdn.candies.monster/apks/com.zeptolab.ctrm.free.google/com.zeptolab.ctrm.free.google_1.23.0-2138302_minAPI19(arm64-v8a)(nodpi)_apkmirror.com.apk,,arm32,54.26MB
,,,https://cdn.candies.monster/apks/com.zeptolab.ctrm.free.google/2160302_minAPI19_.com_1.23.0_APKMirror.apk,,arm32,70.79MB
,v1.22.0,magic.webp,https://www.apkmirror.com/apk/zeptolab/cut-the-rope-magic/cut-the-rope-magic-1-22-0-release/,,,
,,,https://cdn.candies.monster/apks/com.zeptolab.ctrm.free.google/com.zeptolab.ctrm.free.google_1.22.0-2128175_minAPI19(arm64-v8a)(nodpi)_apkmirror.com.apk,,arm64,53.66MB
,,,https://cdn.candies.monster/apks/com.zeptolab.ctrm.free.google/2150175_minAPI19_.com_1.22.0_APKMirror.apk,,arm64,70.36MB
,,,https://cdn.candies.monster/apks/com.zeptolab.ctrm.free.google/com.zeptolab.ctrm.free.google_1.22.0-2128175_minAPI19(arm64-v8a)(nodpi)_apkmirror.com.apk,,arm64,53.66MB
,,,https://cdn.candies.monster/apks/com.zeptolab.ctrm.free.google/com.zeptolab.ctrm.free.google_1.22.0-2128175_minAPI19(armeabi-v7a)(nodpi)_apkmirror.com.apk,,arm32,52.78MB
,,,https://cdn.candies.monster/apks/com.zeptolab.ctrm.free.google/com.zeptolab.ctrm.free.google_1.22.0-2128175_minAPI19(x86)(nodpi)_apkmirror.com.apk,,x86,53.93MB
,,,https://cdn.candies.monster/apks/com.zeptolab.ctrm.free.google/com.zeptolab.ctrm.free.google_1.22.0-2128175_minAPI19(x86_64)(nodpi)_apkmirror.com.apk,,x86_64,54.09MB
,,,https://cdn.candies.monster/apks/com.zeptolab.ctrm.free.google/com.zeptolab.ctrm.free.google_1.22.0-2150175_minAPI19(arm64-v8a)(nodpi)_apkmirror.com.apk,,arm64,70.36MB
,,,https://cdn.candies.monster/apks/com.zeptolab.ctrm.free.google/com.zeptolab.ctrm.free.google_1.22.0-2150175_minAPI19(armeabi-v7a)(nodpi)_apkmirror.com.apk,,arm32,69.37MB
,,,https://apkpure.com/cut-the-rope-magic/com.zeptolab.ctrm.free.google/download/1.22.0,,,
,,,https://cdn.candies.monster/apks/com.zeptolab.ctrm.free.google/com.zeptolab.ctrm.free.google_1.22.0-2128175_minAPI19(arm64-v8a)(nodpi)_apkmirror.com.apk,,arm32,52.78MB
,,,https://cdn.candies.monster/apks/com.zeptolab.ctrm.free.google/2150175_minAPI19_.com_1.22.0_APKMirror.apk,,arm32,69.37MB
,v1.21.0,magic.webp,https://www.apkmirror.com/apk/zeptolab/cut-the-rope-magic/cut-the-rope-magic-1-21-0-release/,,,
,,,https://cdn.candies.monster/apks/com.zeptolab.ctrm.free.google/com.zeptolab.ctrm.free.google_1.21.0-2126598_minAPI19(arm64-v8a)(nodpi)_apkmirror.com.apk,,arm64,53.22MB
,,,https://cdn.candies.monster/apks/com.zeptolab.ctrm.free.google/2148598_minAPI19_.com_1.21.0_APKMirror.apk,,arm64,69.91MB
,,,https://cdn.candies.monster/apks/com.zeptolab.ctrm.free.google/com.zeptolab.ctrm.free.google_1.21.0-2126598_minAPI19(arm64-v8a)(nodpi)_apkmirror.com.apk,,arm64,53.22MB
,,,https://cdn.candies.monster/apks/com.zeptolab.ctrm.free.google/com.zeptolab.ctrm.free.google_1.21.0-2126598_minAPI19(armeabi-v7a)(nodpi)_apkmirror.com.apk,,arm32,51.50MB
,,,https://cdn.candies.monster/apks/com.zeptolab.ctrm.free.google/com.zeptolab.ctrm.free.google_1.21.0-2126598_minAPI19(x86)(nodpi)_apkmirror.com.apk,,x86,53.48MB
,,,https://cdn.candies.monster/apks/com.zeptolab.ctrm.free.google/com.zeptolab.ctrm.free.google_1.21.0-2126598_minAPI19(x86_64)(nodpi)_apkmirror.com.apk,,x86_64,53.58MB
,,,https://cdn.candies.monster/apks/com.zeptolab.ctrm.free.google/com.zeptolab.ctrm.free.google_1.21.0-2148598_minAPI19(arm64-v8a)(nodpi)_apkmirror.com.apk,,arm64,69.91MB
,,,https://cdn.candies.monster/apks/com.zeptolab.ctrm.free.google/com.zeptolab.ctrm.free.google_1.21.0-2148598_minAPI19(armeabi-v7a)(nodpi)_apkmirror.com.apk,,arm32,68.09MB
,,,https://apkpure.com/cut-the-rope-magic/com.zeptolab.ctrm.free.google/download/1.21.0,,,
,,,https://cdn.candies.monster/apks/com.zeptolab.ctrm.free.google/com.zeptolab.ctrm.free.google_1.21.0-2126598_minAPI19(arm64-v8a)(nodpi)_apkmirror.com.apk,,arm32,51.50MB
,,,https://cdn.candies.monster/apks/com.zeptolab.ctrm.free.google/2148598_minAPI19_.com_1.21.0_APKMirror.apk,,arm32,68.09MB
,v1.17.0,magic.webp,https://www.apkmirror.com/apk/zeptolab/cut-the-rope-magic/cut-the-rope-magic-1-17-0-release/,,,
,,,https://cdn.candies.monster/apks/com.zeptolab.ctrm.free.google/com.zeptolab.ctrm.free.google_1.17.0-2121401_minAPI19(arm64-v8a)(nodpi)_apkmirror.com.apk,,arm64,51.62MB
,,,https://cdn.candies.monster/apks/com.zeptolab.ctrm.free.google/2143401_minAPI19_.com_1.17.0_APKMirror.apk,,arm64,68.32MB
,,,https://cdn.candies.monster/apks/com.zeptolab.ctrm.free.google/com.zeptolab.ctrm.free.google_1.17.0-2121401_minAPI19(arm64-v8a)(nodpi)_apkmirror.com.apk,,arm64,51.62MB
,,,https://cdn.candies.monster/apks/com.zeptolab.ctrm.free.google/com.zeptolab.ctrm.free.google_1.17.0-2121401_minAPI19(armeabi-v7a)(nodpi)_apkmirror.com.apk,,arm32,49.91MB
,,,https://cdn.candies.monster/apks/com.zeptolab.ctrm.free.google/com.zeptolab.ctrm.free.google_1.17.0-2121401_minAPI19(x86)(nodpi)_apkmirror.com.apk,,x86,51.89MB
,,,https://cdn.candies.monster/apks/com.zeptolab.ctrm.free.google/com.zeptolab.ctrm.free.google_1.17.0-2121401_minAPI19(x86_64)(nodpi)_apkmirror.com.apk,,x86_64,52.05MB
,,,https://cdn.candies.monster/apks/com.zeptolab.ctrm.free.google/com.zeptolab.ctrm.free.google_1.17.0-2143401_minAPI19(arm64-v8a)(nodpi)_apkmirror.com.apk,,arm64,68.32MB
,,,https://cdn.candies.monster/apks/com.zeptolab.ctrm.free.google/com.zeptolab.ctrm.free.google_1.17.0-2143401_minAPI19(armeabi-v7a)(nodpi)_apkmirror.com.apk,,arm32,66.51MB
,,,https://apkpure.com/cut-the-rope-magic/com.zeptolab.ctrm.free.google/download/1.17.0,,,
,,,https://cdn.candies.monster/apks/com.zeptolab.ctrm.free.google/com.zeptolab.ctrm.free.google_1.17.0-2121401_minAPI19(arm64-v8a)(nodpi)_apkmirror.com.apk,,arm32,49.91MB
,,,https://cdn.candies.monster/apks/com.zeptolab.ctrm.free.google/2143401_minAPI19_.com_1.17.0_APKMirror.apk,,arm32,66.51MB
,v1.16.0,magic.webp,https://www.apkmirror.com/apk/zeptolab/cut-the-rope-magic/cut-the-rope-magic-1-16-0-release/,,,
,,,https://cdn.candies.monster/apks/com.zeptolab.ctrm.free.google/com.zeptolab.ctrm.free.google_1.16.0-1919445_minAPI17(arm64-v8a)(nodpi)_apkmirror.com.apk,,arm64,51.49MB
,,,https://cdn.candies.monster/apks/com.zeptolab.ctrm.free.google/1941445_minAPI17_.com_1.16.0_APKMirror.apk,,arm64,68.19MB
,,,https://cdn.candies.monster/apks/com.zeptolab.ctrm.free.google/com.zeptolab.ctrm.free.google_1.16.0-1919445_minAPI17(arm64-v8a)(nodpi)_apkmirror.com.apk,,arm64,51.49MB
,,,https://cdn.candies.monster/apks/com.zeptolab.ctrm.free.google/com.zeptolab.ctrm.free.google_1.16.0-1919445_minAPI17(armeabi-v7a)(nodpi)_apkmirror.com.apk,,arm32,49.79MB
,,,https://cdn.candies.monster/apks/com.zeptolab.ctrm.free.google/com.zeptolab.ctrm.free.google_1.16.0-1919445_minAPI17(x86)(nodpi)_apkmirror.com.apk,,x86,51.77MB
,,,https://cdn.candies.monster/apks/com.zeptolab.ctrm.free.google/com.zeptolab.ctrm.free.google_1.16.0-1919445_minAPI17(x86_64)(nodpi)_apkmirror.com.apk,,x86_64,51.94MB
,,,https://cdn.candies.monster/apks/com.zeptolab.ctrm.free.google/com.zeptolab.ctrm.free.google_1.16.0-1941445_minAPI17(arm64-v8a)(nodpi)_apkmirror.com.apk,,arm64,68.19MB
,,,https://cdn.candies.monster/apks/com.zeptolab.ctrm.free.google/com.zeptolab.ctrm.free.google_1.16.0-1941445_minAPI17(armeabi-v7a)(nodpi)_apkmirror.com.apk,,arm32,66.38MB
,,,https://apkpure.com/cut-the-rope-magic/com.zeptolab.ctrm.free.google/download/1.16.0,,,
,,,https://cdn.candies.monster/apks/com.zeptolab.ctrm.free.google/com.zeptolab.ctrm.free.google_1.16.0-1919445_minAPI17(arm64-v8a)(nodpi)_apkmirror.com.apk,,arm32,49.79MB
,,,https://cdn.candies.monster/apks/com.zeptolab.ctrm.free.google/1941445_minAPI17_.com_1.16.0_APKMirror.apk,,arm32,66.38MB
,v1.15.1,magic.webp,https://www.apkmirror.com/apk/zeptolab/cut-the-rope-magic/cut-the-rope-magic-1-15-1-release/,,,
,,,https://cdn.candies.monster/apks/com.zeptolab.ctrm.free.google/com.zeptolab.ctrm.free.google_1.15.1-1918946_minAPI17(arm64-v8a)(nodpi)_apkmirror.com.apk,,arm64,51.40MB
,,,https://cdn.candies.monster/apks/com.zeptolab.ctrm.free.google/1940946_minAPI17_.com_1.15.1_APKMirror.apk,,arm64,68.19MB
,,,https://cdn.candies.monster/apks/com.zeptolab.ctrm.free.google/com.zeptolab.ctrm.free.google_1.15.1-1918946_minAPI17(arm64-v8a)(nodpi)_apkmirror.com.apk,,arm64,51.40MB
,,,https://cdn.candies.monster/apks/com.zeptolab.ctrm.free.google/com.zeptolab.ctrm.free.google_1.15.1-1918946_minAPI17(armeabi-v7a)(nodpi)_apkmirror.com.apk,,arm32,49.78MB
,,,https://cdn.candies.monster/apks/com.zeptolab.ctrm.free.google/com.zeptolab.ctrm.free.google_1.15.1-1918946_minAPI17(x86)(nodpi)_apkmirror.com.apk,,x86,51.77MB
,,,https://cdn.candies.monster/apks/com.zeptolab.ctrm.free.google/com.zeptolab.ctrm.free.google_1.15.1-1918946_minAPI17(x86_64)(nodpi)_apkmirror.com.apk,,x86_64,51.94MB
,,,https://cdn.candies.monster/apks/com.zeptolab.ctrm.free.google/com.zeptolab.ctrm.free.google_1.15.1-1940946_minAPI17(arm64-v8a)(nodpi)_apkmirror.com.apk,,arm64,68.19MB
,,,https://cdn.candies.monster/apks/com.zeptolab.ctrm.free.google/com.zeptolab.ctrm.free.google_1.15.1-1940946_minAPI17(armeabi-v7a)(nodpi)_apkmirror.com.apk,,arm32,66.38MB
,,,https://apkpure.com/cut-the-rope-magic/com.zeptolab.ctrm.free.google/download/1.15.1,,,
,,,https://cdn.candies.monster/apks/com.zeptolab.ctrm.free.google/com.zeptolab.ctrm.free.google_1.15.1-1918946_minAPI17(arm64-v8a)(nodpi)_apkmirror.com.apk,,arm32,49.78MB
,,,https://cdn.candies.monster/apks/com.zeptolab.ctrm.free.google/1940946_minAPI17_.com_1.15.1_APKMirror.apk,,arm32,66.38MB
,v1.14.0,magic.webp,https://www.apkmirror.com/apk/zeptolab/cut-the-rope-magic/cut-the-rope-magic-1-14-0-release/,,,
,,,https://cdn.candies.monster/apks/com.zeptolab.ctrm.free.google/com.zeptolab.ctrm.free.google_1.14.0-1917618_minAPI17(arm64-v8a)(nodpi)_apkmirror.com.apk,,arm64,52.13MB
,,,https://cdn.candies.monster/apks/com.zeptolab.ctrm.free.google/com.zeptolab.ctrm.free.google_1.14.0-1917618_minAPI17(arm64-v8a)(nodpi)_apkmirror.com.apk,,arm64,52.13MB
,,,https://cdn.candies.monster/apks/com.zeptolab.ctrm.free.google/com.zeptolab.ctrm.free.google_1.14.0-1917618_minAPI17(armeabi-v7a)(nodpi)_apkmirror.com.apk,,arm32,50.34MB
,,,https://apkpure.com/cut-the-rope-magic/com.zeptolab.ctrm.free.google/download/1.14.0,,,
,,,https://cdn.candies.monster/apks/com.zeptolab.ctrm.free.google/com.zeptolab.ctrm.free.google_1.14.0-1917618_minAPI17(arm64-v8a)(nodpi)_apkmirror.com.apk,,arm32,50.34MB
,v1.13.0,magic.webp,https://www.apkmirror.com/apk/zeptolab/cut-the-rope-magic/cut-the-rope-magic-1-13-0-release/,,,
,,,https://cdn.candies.monster/apks/com.zeptolab.ctrm.free.google/com.zeptolab.ctrm.free.google_1.13.0-1916893_minAPI17(arm64-v8a)(nodpi)_apkmirror.com.apk,,arm64,49.39MB
,,,https://cdn.candies.monster/apks/com.zeptolab.ctrm.free.google/com.zeptolab.ctrm.free.google_1.13.0-1916893_minAPI17(arm64-v8a)(nodpi)_apkmirror.com.apk,,arm64,49.39MB
,,,https://cdn.candies.monster/apks/com.zeptolab.ctrm.free.google/com.zeptolab.ctrm.free.google_1.13.0-1916893_minAPI17(armeabi-v7a)(nodpi)_apkmirror.com.apk,,arm32,47.71MB
,,,https://apkpure.com/cut-the-rope-magic/com.zeptolab.ctrm.free.google/download/1.13.0,,,
,,,https://cdn.candies.monster/apks/com.zeptolab.ctrm.free.google/com.zeptolab.ctrm.free.google_1.13.0-1916893_minAPI17(arm64-v8a)(nodpi)_apkmirror.com.apk,,arm32,47.71MB
,v1.12.3,magic.webp,https://www.apkmirror.com/apk/zeptolab/cut-the-rope-magic/cut-the-rope-magic-1-12-3-release/,,,
,,,https://cdn.candies.monster/apks/com.zeptolab.ctrm.free.google/com.zeptolab.ctrm.free.google_1.12.3-1915253_minAPI17(arm64-v8a)(nodpi)_apkmirror.com.apk,,arm64,47.95MB
,,,https://cdn.candies.monster/apks/com.zeptolab.ctrm.free.google/com.zeptolab.ctrm.free.google_1.12.3-1915253_minAPI17(arm64-v8a)(nodpi)_apkmirror.com.apk,,arm64,47.95MB
,,,https://cdn.candies.monster/apks/com.zeptolab.ctrm.free.google/com.zeptolab.ctrm.free.google_1.12.3-1915253_minAPI17(armeabi-v7a)(nodpi)_apkmirror.com.apk,,arm32,46.24MB
,,,https://apkpure.com/cut-the-rope-magic/com.zeptolab.ctrm.free.google/download/1.12.3,,,
,,,https://cdn.candies.monster/apks/com.zeptolab.ctrm.free.google/com.zeptolab.ctrm.free.google_1.12.3-1915253_minAPI17(arm64-v8a)(nodpi)_apkmirror.com.apk,,arm32,46.24MB
,v1.11.1,magic.webp,https://www.apkmirror.com/apk/zeptolab/cut-the-rope-magic/cut-the-rope-magic-1-11-1-release/,,,
,,,https://cdn.candies.monster/apks/com.zeptolab.ctrm.free.google/com.zeptolab.ctrm.free.google_1.11.1-1801035_minAPI16(armeabi-v7a)(nodpi)_apkmirror.com.apk,,arm32,48.83MB
,,,https://cdn.candies.monster/apks/com.zeptolab.ctrm.free.google/1823035_minAPI16_.com_1.11.1_APKMirror.apk,,arm32,67.63MB
,,,https://cdn.candies.monster/apks/com.zeptolab.ctrm.free.google/com.zeptolab.ctrm.free.google_1.11.1-1801035_minAPI16(armeabi-v7a)(nodpi)_apkmirror.com.apk,,arm32,48.83MB
,,,https://cdn.candies.monster/apks/com.zeptolab.ctrm.free.google/com.zeptolab.ctrm.free.google_1.11.1-1823035_minAPI16(armeabi-v7a)(nodpi)_apkmirror.com.apk,,arm32,67.63MB
,,,https://apkpure.com/cut-the-rope-magic/com.zeptolab.ctrm.free.google/download/1.11.1,,,
,v1.12.2,magic.webp,https://apkpure.com/cut-the-rope-magic/com.zeptolab.ctrm.free.google/download/1.12.2,,,
,v1.12.1,magic.webp,https://apkpure.com/cut-the-rope-magic/com.zeptolab.ctrm.free.google/download/1.12.1,,,
,v1.11.0,magic.webp,https://apkpure.com/cut-the-rope-magic/com.zeptolab.ctrm.free.google/download/1.11.0,,,
,v1.10.2,magic.webp,https://www.apkmirror.com/apk/zeptolab/cut-the-rope-magic/cut-the-rope-magic-1-10-2-release/,,,
,,,https://apkpure.com/cut-the-rope-magic/com.zeptolab.ctrm.free.google/download/1.10.2,,,
,,,https://cdn.candies.monster/apks/com.zeptolab.ctrm.free.google/com.zeptolab.ctrm.free.google_1.10.2-1791872_minAPI16(armeabi-v7a)(nodpi)_apkmirror.com.apk,,arm32,49.17MB
,,,https://cdn.candies.monster/apks/com.zeptolab.ctrm.free.google/1813872_minAPI16_.com_1.10.2_APKMirror.apk,,arm32,67.95MB
,,,https://cdn.candies.monster/apks/com.zeptolab.ctrm.free.google/com.zeptolab.ctrm.free.google_1.10.2-1791872_minAPI16(armeabi-v7a)(nodpi)_apkmirror.com.apk,,arm32,49.17MB
,,,https://cdn.candies.monster/apks/com.zeptolab.ctrm.free.google/com.zeptolab.ctrm.free.google_1.10.2-1813872_minAPI16(armeabi-v7a)(nodpi)_apkmirror.com.apk,,arm32,67.95MB
,v1.10.1,magic.webp,https://apkpure.com/cut-the-rope-magic/com.zeptolab.ctrm.free.google/download/1.10.1,,,
,v1.10.0,magic.webp,https://www.apkmirror.com/apk/zeptolab/cut-the-rope-magic/cut-the-rope-magic-1-10-0-release/,,,
,,,https://apkpure.com/cut-the-rope-magic/com.zeptolab.ctrm.free.google/download/1.10.0,,,
,,,"https://cdn.candies.monster/apks/com.zeptolab.ctrm.free.google/com.zeptolab.ctrm.free.google_1.10.0-1786027_minAPI16(armeabi-v7a,x86)(nodpi)_apkmirror.com.apk",,"arm32, x86",55.96MB
,,,https://cdn.candies.monster/apks/com.zeptolab.ctrm.free.google/1808027_minAPI16_.com_1.10.0_APKMirror.apk,,"arm32, x86",74.76MB
,,,"https://cdn.candies.monster/apks/com.zeptolab.ctrm.free.google/com.zeptolab.ctrm.free.google_1.10.0-1786027_minAPI16(armeabi-v7a,x86)(nodpi)_apkmirror.com.apk",,"arm32, x86",55.96MB
,,,"https://cdn.candies.monster/apks/com.zeptolab.ctrm.free.google/com.zeptolab.ctrm.free.google_1.10.0-1808027_minAPI16(armeabi-v7a,x86)(nodpi)_apkmirror.com.apk",,"arm32, x86",74.76MB
,v1.9.0,magic.webp,https://apkpure.com/cut-the-rope-magic/com.zeptolab.ctrm.free.google/download/1.9.0,,,
,v1.8.1,magic.webp,https://apkpure.com/cut-the-rope-magic/com.zeptolab.ctrm.free.google/download/1.8.1,,,
,v1.8.0,magic.webp,https://www.apkmirror.com/apk/zeptolab/cut-the-rope-magic/cut-the-rope-magic-1-8-0-release/,,,
,,,"https://cdn.candies.monster/apks/com.zeptolab.ctrm.free.google/com.zeptolab.ctrm.free.google_1.8.0-1776340_minAPI16(armeabi-v7a,x86)(nodpi)_apkmirror.com.apk",,"arm32, x86",55.14MB
,,,"https://cdn.candies.monster/apks/com.zeptolab.ctrm.free.google/com.zeptolab.ctrm.free.google_1.8.0-1776340_minAPI16(armeabi-v7a,x86)(nodpi)_apkmirror.com.apk",,"arm32, x86",55.14MB
,v1.4.2,magic.webp,https://www.apkmirror.com/apk/zeptolab/cut-the-rope-magic/cut-the-rope-magic-1-4-2-release/,,,
,,,"https://cdn.candies.monster/apks/com.zeptolab.ctrm.free.google/com.zeptolab.ctrm.free.google_1.4.2-1524028_minAPI14(armeabi-v7a,x86)(nodpi)_apkmirror.com.apk",,"arm32, x86",41.49MB
,,,"https://cdn.candies.monster/apks/com.zeptolab.ctrm.free.google/com.zeptolab.ctrm.free.google_1.4.2-1524028_minAPI14(armeabi-v7a,x86)(nodpi)_apkmirror.com.apk",,"arm32, x86",41.49MB
,v1.0.0,magic.webp,https://www.apkmirror.com/apk/zeptolab/cut-the-rope-magic/cut-the-rope-magic-1-0-0-release/,,,
,,,"https://cdn.candies.monster/apks/com.zeptolab.ctrm.free.google/com.zeptolab.ctrm.free.google_1.0.0-1498955_minAPI14(armeabi-v7a,x86)(nodpi).apk",,"arm32, x86",39.76MB
,,,"https://cdn.candies.monster/apks/com.zeptolab.ctrm.free.google/com.zeptolab.ctrm.free.google_1.0.0-1498955_minAPI14(armeabi-v7a,x86)(nodpi).apk",,"arm32, x86",39.76MB
Cut the Rope Experiments Free,com.zeptolab.ctrexperiments.ads,experiments.webp,,6,ic-onesignal-large-icon-default-1.png,icon-36.png,icon-background-13.png,icon-foreground-13.png,icon-round-19.png,icon.png
,v1.15.0,experiments.webp,https://www.apkmirror.com/apk/zeptolab/cut-the-rope-experiments/cut-the-rope-experiments-1-15-0-release/,,,
,,,https://apkpure.com/cut-the-rope-experiments/com.zeptolab.ctrexperiments.ads/download/1.15.0,,,
,v1.14.0,experiments.webp,https://www.apkmirror.com/apk/zeptolab/cut-the-rope-experiments/cut-the-rope-experiments-1-14-0-release/,,,
,,,"https://cdn.candies.monster/apks/com.zeptolab.ctrexperiments.ads/com.zeptolab.ctrexperiments.ads_1.14.0-2544905_minAPI23(arm64-v8a,armeabi-v7a,x86,x86_64)(nodpi)_apkmirror.com.apk",,"arm64, arm32, x86, x86_64",87.49MB
,,,"https://cdn.candies.monster/apks/com.zeptolab.ctrexperiments.ads/com.zeptolab.ctrexperiments.ads_1.14.0-2544905_minAPI23(arm64-v8a,armeabi-v7a,x86,x86_64)(nodpi)_apkmirror.com.apk",,"arm64, arm32, x86, x86_64",87.49MB
,,,https://apkpure.com/cut-the-rope-experiments/com.zeptolab.ctrexperiments.ads/download/1.14.0,,,
,v1.13.0,experiments.webp,https://www.apkmirror.com/apk/zeptolab/cut-the-rope-experiments/cut-the-rope-experiments-1-13-0-release/,,,
,,,"https://cdn.candies.monster/apks/com.zeptolab.ctrexperiments.ads/com.zeptolab.ctrexperiments.ads_1.13.0-2127024_minAPI19(arm64-v8a,armeabi-v7a,x86,x86_64)(nodpi)_apkmirror.com.apk",,"arm64, arm32, x86, x86_64",60.11MB
,,,"https://cdn.candies.monster/apks/com.zeptolab.ctrexperiments.ads/com.zeptolab.ctrexperiments.ads_1.13.0-2127024_minAPI19(arm64-v8a,armeabi-v7a,x86,x86_64)(nodpi)_apkmirror.com.apk",,"arm64, arm32, x86, x86_64",60.11MB
,,,https://apkpure.com/cut-the-rope-experiments/com.zeptolab.ctrexperiments.ads/download/1.13.0,,,
,v1.12.0,experiments.webp,https://www.apkmirror.com/apk/zeptolab/cut-the-rope-experiments/cut-the-rope-experiments-1-12-0-release/,,,
,,,"https://cdn.candies.monster/apks/com.zeptolab.ctrexperiments.ads/com.zeptolab.ctrexperiments.ads_1.12.0-2121161_minAPI19(arm64-v8a,armeabi-v7a,x86,x86_64)(nodpi)_apkmirror.com.apk",,"arm64, arm32, x86, x86_64",55.63MB
,,,"https://cdn.candies.monster/apks/com.zeptolab.ctrexperiments.ads/com.zeptolab.ctrexperiments.ads_1.12.0-2121161_minAPI19(arm64-v8a,armeabi-v7a,x86,x86_64)(nodpi)_apkmirror.com.apk",,"arm64, arm32, x86, x86_64",55.63MB
,,,https://apkpure.com/cut-the-rope-experiments/com.zeptolab.ctrexperiments.ads/download/1.12.0,,,
,v1.11.0,experiments.webp,https://www.apkmirror.com/apk/zeptolab/cut-the-rope-experiments/cut-the-rope-experiments-1-11-0-release/,,,
,,,"https://cdn.candies.monster/apks/com.zeptolab.ctrexperiments.ads/com.zeptolab.ctrexperiments.ads_1.11.0-1816641_minAPI16(arm64-v8a,armeabi-v7a,x86,x86_64)(nodpi)_apkmirror.com.apk",,"arm64, arm32, x86, x86_64",54.95MB
,,,"https://cdn.candies.monster/apks/com.zeptolab.ctrexperiments.ads/com.zeptolab.ctrexperiments.ads_1.11.0-1816641_minAPI16(arm64-v8a,armeabi-v7a,x86,x86_64)(nodpi)_apkmirror.com.apk",,"arm64, arm32, x86, x86_64",54.95MB
,,,https://apkpure.com/cut-the-rope-experiments/com.zeptolab.ctrexperiments.ads/download/1.11.0,,,
,v1.9.0,experiments.webp,https://www.apkmirror.com/apk/zeptolab/cut-the-rope-experiments/cut-the-rope-experiments-1-9-0-release/,,,
,,,https://apkpure.com/cut-the-rope-experiments/com.zeptolab.ctrexperiments.ads/download/1.9.0,,,
,,,"https://cdn.candies.monster/apks/com.zeptolab.ctrexperiments.ads/com.zeptolab.ctrexperiments.ads_1.9.0-1678319_minAPI15(armeabi-v7a,x86)(nodpi)_apkmirror.com.apk",,"arm32, x86",36.51MB
,,,"https://cdn.candies.monster/apks/com.zeptolab.ctrexperiments.ads/com.zeptolab.ctrexperiments.ads_1.9.0-1678319_minAPI15(armeabi-v7a,x86)(nodpi)_apkmirror.com.apk",,"arm32, x86",36.51MB
,v1.8.1,experiments.webp,https://www.apkmirror.com/apk/zeptolab/cut-the-rope-experiments/cut-the-rope-experiments-1-8-1-release/,,,
,,,https://apkpure.com/cut-the-rope-experiments/com.zeptolab.ctrexperiments.ads/download/1.8.1,,,
,,,"https://cdn.candies.monster/apks/com.zeptolab.ctrexperiments.ads/com.zeptolab.ctrexperiments.ads_1.8.1-1626810_minAPI15(armeabi-v7a,x86)(nodpi)_apkmirror.com.apk",,"arm32, x86",32.93MB
,,,"https://cdn.candies.monster/apks/com.zeptolab.ctrexperiments.ads/com.zeptolab.ctrexperiments.ads_1.8.1-1626810_minAPI15(armeabi-v7a,x86)(nodpi)_apkmirror.com.apk",,"arm32, x86",32.93MB
,v1.8.0,experiments.webp,https://www.apkmirror.com/apk/zeptolab/cut-the-rope-experiments/cut-the-rope-experiments-1-8-0-release/,,,
,,,https://apkpure.com/cut-the-rope-experiments/com.zeptolab.ctrexperiments.ads/download/1.8.0,,,
,,,"https://cdn.candies.monster/apks/com.zeptolab.ctrexperiments.ads/com.zeptolab.ctrexperiments.ads_1.8.0-1508371_minAPI14(armeabi-v7a,x86)(nodpi)_apkmirror.com.apk",,"arm32, x86",30.66MB
,,,"https://cdn.candies.monster/apks/com.zeptolab.ctrexperiments.ads/com.zeptolab.ctrexperiments.ads_1.8.0-1508371_minAPI14(armeabi-v7a,x86)(nodpi)_apkmirror.com.apk",,"arm32, x86",30.66MB
,v1.7.9,experiments.webp,https://www.apkmirror.com/apk/zeptolab/cut-the-rope-experiments/cut-the-rope-experiments-1-7-9-release/,,,
,,,https://apkpure.com/cut-the-rope-experiments/com.zeptolab.ctrexperiments.ads/download/1.7.9,,,
,,,"https://cdn.candies.monster/apks/com.zeptolab.ctrexperiments.ads/com.zeptolab.ctrexperiments.ads_1.7.9-979017_minAPI9(armeabi,x86)(nodpi)_apkmirror.com.apk",,"arm, x86",29.29MB
,,,"https://cdn.candies.monster/apks/com.zeptolab.ctrexperiments.ads/com.zeptolab.ctrexperiments.ads_1.7.9-979017_minAPI9(armeabi,x86)(nodpi)_apkmirror.com.apk",,"arm, x86",29.29MB
,v1.7.8,experiments.webp,https://www.apkmirror.com/apk/zeptolab/cut-the-rope-experiments/cut-the-rope-experiments-1-7-8-release/,,,
,,,"https://cdn.candies.monster/apks/com.zeptolab.ctrexperiments.ads/com.zeptolab.ctrexperiments.ads_1.7.8-912178_minAPI9(armeabi,x86)(nodpi)_apkmirror.com.apk",,"arm, x86",28.86MB
,,,"https://cdn.candies.monster/apks/com.zeptolab.ctrexperiments.ads/com.zeptolab.ctrexperiments.ads_1.7.8-912178_minAPI9(armeabi,x86)(nodpi)_apkmirror.com.apk",,"arm, x86",28.86MB
,v1.7.6,experiments.webp,https://www.apkmirror.com/apk/zeptolab/cut-the-rope-experiments/cut-the-rope-experiments-1-7-6-release/,,,
,,,"https://cdn.candies.monster/apks/com.zeptolab.ctrexperiments.ads/com.zeptolab.ctrexperiments.ads_1.7.6-912176_minAPI9(armeabi,x86)(nodpi)_apkmirror.com.apk",,"arm, x86",28.41MB
,,,"https://cdn.candies.monster/apks/com.zeptolab.ctrexperiments.ads/com.zeptolab.ctrexperiments.ads_1.7.6-912176_minAPI9(armeabi,x86)(nodpi)_apkmirror.com.apk",,"arm, x86",28.41MB
,v1.7.2,experiments.webp,https://www.apkmirror.com/apk/zeptolab/cut-the-rope-experiments/cut-the-rope-experiments-1-7-2-release/,,,
,,,"https://cdn.candies.monster/apks/com.zeptolab.ctrexperiments.ads/com.zeptolab.ctrexperiments.ads_1.7.2-23_minAPI9(armeabi,x86)(nodpi)_apkmirror.com.apk",,"arm, x86",25.11MB
,,,"https://cdn.candies.monster/apks/com.zeptolab.ctrexperiments.ads/com.zeptolab.ctrexperiments.ads_1.7.2-23_minAPI9(armeabi,x86)(nodpi)_apkmirror.com.apk",,"arm, x86",25.11MB
,v1.7.1,experiments.webp,https://www.apkmirror.com/apk/zeptolab/cut-the-rope-experiments/cut-the-rope-experiments-1-7-1-release/,,,
,,,"https://cdn.candies.monster/apks/com.zeptolab.ctrexperiments.ads/com.zeptolab.ctrexperiments.ads_1.7.1-22_minAPI8(armeabi,x86)(nodpi)_apkmirror.com.apk",,"arm, x86",24.64MB
,,,"https://cdn.candies.monster/apks/com.zeptolab.ctrexperiments.ads/com.zeptolab.ctrexperiments.ads_1.7.1-22_minAPI8(armeabi,x86)(nodpi)_apkmirror.com.apk",,"arm, x86",24.64MB
,v1.6.2,experiments.webp,https://www.apkmirror.com/apk/zeptolab/cut-the-rope-experiments/cut-the-rope-experiments-1-6-2-release/,,,
,,,"https://cdn.candies.monster/apks/com.zeptolab.ctrexperiments.ads/com.zeptolab.ctrexperiments.ads_1.6.2-20_minAPI4(armeabi,x86)(nodpi)_apkmirror.com.apk",,"arm, x86",24.17MB
,,,"https://cdn.candies.monster/apks/com.zeptolab.ctrexperiments.ads/com.zeptolab.ctrexperiments.ads_1.6.2-20_minAPI4(armeabi,x86)(nodpi)_apkmirror.com.apk",,"arm, x86",24.17MB
,v1.6.1,experiments.webp,https://www.apkmirror.com/apk/zeptolab/cut-the-rope-experiments/cut-the-rope-experiments-1-6-1-release/,,,
,,,"https://cdn.candies.monster/apks/com.zeptolab.ctrexperiments.ads/com.zeptolab.ctrexperiments.ads_1.6.1-17_minAPI4(armeabi,x86)(nodpi)_apkmirror.com.apk",,"arm, x86",23.14MB
,,,"https://cdn.candies.monster/apks/com.zeptolab.ctrexperiments.ads/com.zeptolab.ctrexperiments.ads_1.6.1-17_minAPI4(armeabi,x86)(nodpi)_apkmirror.com.apk",,"arm, x86",23.14MB
,v1.0,experiments.webp,https://cdn.candies.monster/apks/com.zeptolab.ctrexperiments.ads/com.zeptolab.ctrexperiments.ads_1.0-1_minAPI4(armeabi)(nodpi)_apkmirror.com.apk,,arm,19.26MB
,v1.7,experiments.webp,"https://cdn.candies.monster/apks/com.zeptolab.ctrexperiments.ads/com.zeptolab.ctrexperiments.ads_1.7-21_minAPI8(armeabi,x86)(nodpi)_apkmirror.com.apk",,"arm, x86",26.66MB
Cut the Rope: Daily,com.netflix.cuttheropedaily,daily.webp,,4,app-icon-11.png,icon-big-14.png
,v1.12.1,daily.webp,https://www.apkmirror.com/apk/netflix-inc/cut-the-rope-daily/cut-the-rope-daily-1-12-1-release/,,,
,v1.12.0,daily.webp,https://www.apkmirror.com/apk/netflix-inc/cut-the-rope-daily/cut-the-rope-daily-1-12-0-release/,,,
,,,https://www.apkmirror.com/apk/netflix-inc/cut-the-rope-daily/cut-the-rope-daily-1-12-0-release/,,,
,v1.11.2,daily.webp,https://www.apkmirror.com/apk/netflix-inc/cut-the-rope-daily/cut-the-rope-daily-1-11-2-release/,,,
,,,https://www.apkmirror.com/apk/netflix-inc/cut-the-rope-daily/cut-the-rope-daily-1-11-2-release/,,,
,v1.11.1,daily.webp,https://www.apkmirror.com/apk/netflix-inc/cut-the-rope-daily/cut-the-rope-daily-1-11-1-release/,,,
,v1.11.0,daily.webp,https://www.apkmirror.com/apk/netflix-inc/cut-the-rope-daily/cut-the-rope-daily-1-11-0-release/,,,
,v1.5.1,daily.webp,https://www.apkmirror.com/apk/netflix-inc/cut-the-rope-daily/cut-the-rope-daily-1-5-1-release/,,,
,,,"https://cdn.candies.monster/apks/com.netflix.cuttheropedaily/com.netflix.NGP.CutTheRopeDaily_1.5.1-63_minAPI26(arm64-v8a,armeabi-v7a)(nodpi)_apkmirror.com.apk",,"arm64, arm32",205.34MB
,v1.5.0,daily.webp,https://www.apkmirror.com/apk/netflix-inc/cut-the-rope-daily/cut-the-rope-daily-1-5-0-release/,,,
,,,"https://cdn.candies.monster/apks/com.netflix.cuttheropedaily/com.netflix.NGP.CutTheRopeDaily_1.5.0-51_minAPI26(arm64-v8a,armeabi-v7a)(nodpi)_apkmirror.com.apk",,"arm64, arm32",205.82MB
,v1.4.0,daily.webp,https://www.apkmirror.com/apk/netflix-inc/cut-the-rope-daily/cut-the-rope-daily-1-4-0-release/,,,
,,,"https://cdn.candies.monster/apks/com.netflix.cuttheropedaily/com.netflix.NGP.CutTheRopeDaily_1.4.0-32_minAPI26(arm64-v8a,armeabi-v7a)(nodpi)_apkmirror.com.apk",,"arm64, arm32",193.49MB
,v1.3.0,daily.webp,https://www.apkmirror.com/apk/netflix-inc/cut-the-rope-daily/cut-the-rope-daily-1-3-0-release/,,,
,,,"https://cdn.candies.monster/apks/com.netflix.cuttheropedaily/com.netflix.NGP.CutTheRopeDaily_1.3.0-25_minAPI26(arm64-v8a,armeabi-v7a)(nodpi)_apkmirror.com.apk",,"arm64, arm32",207.54MB
,v1.2.1,daily.webp,https://www.apkmirror.com/apk/netflix-inc/cut-the-rope-daily/cut-the-rope-daily-1-2-1-release/,,,
,,,"https://cdn.candies.monster/apks/com.netflix.cuttheropedaily/com.netflix.NGP.CutTheRopeDaily_1.2.1-23_minAPI26(arm64-v8a,armeabi-v7a)(nodpi)_apkmirror.com.apk",,"arm64, arm32",192.03MB
,v1.2.0,daily.webp,https://www.apkmirror.com/apk/netflix-inc/cut-the-rope-daily/cut-the-rope-daily-1-2-0-release/,,,
,,,"https://cdn.candies.monster/apks/com.netflix.cuttheropedaily/com.netflix.NGP.CutTheRopeDaily_1.2.0-21_minAPI26(arm64-v8a,armeabi-v7a)(nodpi)_apkmirror.com.apk",,"arm64, arm32",191.67MB
,v1.1.0,daily.webp,https://www.apkmirror.com/apk/netflix-inc/cut-the-rope-daily/cut-the-rope-daily-1-1-0-release/,,,
,,,"https://cdn.candies.monster/apks/com.netflix.cuttheropedaily/com.netflix.NGP.CutTheRopeDaily_1.1.0-19_minAPI26(arm64-v8a,armeabi-v7a)(nodpi)_apkmirror.com.apk",,"arm64, arm32",155.19MB
,v1.0.2,daily.webp,https://www.apkmirror.com/apk/netflix-inc/cut-the-rope-daily/cut-the-rope-daily-1-0-2-release/,,,
,,,"https://cdn.candies.monster/apks/com.netflix.cuttheropedaily/com.netflix.NGP.CutTheRopeDaily_1.0.2-16_minAPI26(arm64-v8a,armeabi-v7a)(nodpi)_apkmirror.com.apk",,"arm64, arm32",163.39MB
Cut the Rope: Holiday Gift,com.zeptolab.cuttheropexmas.google,holidaygift.webp,,5
,v1.7.1,holidaygift.webp,https://cut-the-rope-holiday-gift.en.uptodown.com/android/download/336217,,,
,,,https://apkcombo.com/cut-the-rope-holiday-gift/com.zeptolab.cuttheropexmas.google,,,
,v1.6.1,holidaygift.webp,https://cut-the-rope-holiday-gift.en.uptodown.com/android/download/54256,,,
Cut the Rope: BLAST,com.skywalkgames.blastctr,blast.webp,,4,app-icon-101.png
,v6135,blast.webp,https://cut-the-rope-blast.en.uptodown.com/android/download/1017657903,,,
,,,https://cdn.candies.monster/apks/com.skywalkgames.blastctr/Cut the Rope_ BLAST_6135_APKPure.apk,,"arm64, arm32",1006.06MB
,v6125,blast.webp,https://cut-the-rope-blast.en.uptodown.com/android/download/1006526865,,,
,,,https://apkpure.com/cut-the-rope-blast/com.skywalkgames.blastctr/download/6125,,,
,,,https://cdn.candies.monster/apks/com.skywalkgames.blastctr/Cut the Rope_ BLAST_6125_APKPure.apk,,"arm64, arm32",1005.79MB
,v6121,blast.webp,https://cut-the-rope-blast.en.uptodown.com/android/download/1000813365,,,
,,,https://apkpure.com/cut-the-rope-blast/com.skywalkgames.blastctr/download/6121,,,
,,,https://cdn.candies.monster/apks/com.skywalkgames.blastctr/Cut the Rope_ BLAST_6121_APKPure.apk,,"arm64, arm32",1005.55MB
,v6119,blast.webp,https://apkpure.com/cut-the-rope-blast/com.skywalkgames.blastctr/download/6119,,,
,,,https://cdn.candies.monster/apks/com.skywalkgames.blastctr/Cut the Rope_ BLAST_6119_APKPure.apk,,"arm64, arm32",1005.55MB
,v6094,blast.webp,https://apkpure.com/cut-the-rope-blast/com.skywalkgames.blastctr/download/6094,,,
,,,https://cdn.candies.monster/apks/com.skywalkgames.blastctr/Cut the Rope_ BLAST_6094_APKPure.xapk,,arm64,1025.54MB
,v6093,blast.webp,https://apkpure.com/cut-the-rope-blast/com.skywalkgames.blastctr/download/6093,,,
,,,https://cdn.candies.monster/apks/com.skywalkgames.blastctr/Cut the Rope_ BLAST_6093_APKPure.apk,,"arm64, arm32",1005.38MB
,v6049,blast.webp,https://apkpure.com/cut-the-rope-blast/com.skywalkgames.blastctr/download/6049,,,
,,,https://cdn.candies.monster/apks/com.skywalkgames.blastctr/Cut the Rope_ BLAST_6049_APKPure.xapk,,arm64,1025.11MB
,v6005,blast.webp,https://apkpure.com/cut-the-rope-blast/com.skywalkgames.blastctr/download/6005,,,
,,,https://cdn.candies.monster/apks/com.skywalkgames.blastctr/Cut the Rope_ BLAST_6005_APKPure.apk,,"arm64, arm32",1004.62MB
,v5989,blast.webp,https://cut-the-rope-blast.en.uptodown.com/android/download/108713966,,,
,,,https://apkpure.com/cut-the-rope-blast/com.skywalkgames.blastctr/download/5989,,,
,,,https://cdn.candies.monster/apks/com.skywalkgames.blastctr/Cut the Rope_ BLAST_5989_APKPure.apk,,"arm64, arm32",1004.47MB
,v5978,blast.webp,https://apkpure.com/cut-the-rope-blast/com.skywalkgames.blastctr/download/5978,,,
,,,https://cdn.candies.monster/apks/com.skywalkgames.blastctr/Cut the Rope_ BLAST_5978_APKPure.xapk,,arm64,985.13MB
,v5967,blast.webp,https://apkpure.com/cut-the-rope-blast/com.skywalkgames.blastctr/download/5967,,,
,,,https://cdn.candies.monster/apks/com.skywalkgames.blastctr/Cut the Rope_ BLAST_5967_APKPure.xapk,,arm64,1023.99MB
,v5957,blast.webp,https://apkpure.com/cut-the-rope-blast/com.skywalkgames.blastctr/download/5957,,,
,,,https://cdn.candies.monster/apks/com.skywalkgames.blastctr/Cut the Rope_ BLAST_5957_APKPure.xapk,,arm64,985.61MB
,v5950,blast.webp,https://apkpure.com/cut-the-rope-blast/com.skywalkgames.blastctr/download/5950,,,
,,,https://cdn.candies.monster/apks/com.skywalkgames.blastctr/Cut the Rope_ BLAST_5950_APKPure.apk,,"arm64, arm32",1003.16MB
,v5920,blast.webp,https://cut-the-rope-blast.en.uptodown.com/android/download/105520718,,,
,,,https://apkpure.com/cut-the-rope-blast/com.skywalkgames.blastctr/download/5920,,,
,,,https://cdn.candies.monster/apks/com.skywalkgames.blastctr/Cut the Rope_ BLAST_5920_APKPure.xapk,,arm64,983.79MB
,v5889,blast.webp,https://apkpure.com/cut-the-rope-blast/com.skywalkgames.blastctr/download/5889,,,
,,,https://cdn.candies.monster/apks/com.skywalkgames.blastctr/Cut the Rope_ BLAST_5889_APKPure.apk,,"arm64, arm32",986.27MB
,v5864,blast.webp,https://apkpure.com/cut-the-rope-blast/com.skywalkgames.blastctr/download/5864,,,
,,,https://cdn.candies.monster/apks/com.skywalkgames.blastctr/Cut the Rope_ BLAST_5864_APKPure.apk,,"arm64, arm32",985.86MB
,v5839,blast.webp,https://apkpure.com/cut-the-rope-blast/com.skywalkgames.blastctr/download/5839,,,
,,,https://cdn.candies.monster/apks/com.skywalkgames.blastctr/Cut the Rope_ BLAST_5839_APKPure.apk,,"arm64, arm32",953.10MB
,v5826,blast.webp,https://apkpure.com/cut-the-rope-blast/com.skywalkgames.blastctr/download/5826,,,
,,,https://cdn.candies.monster/apks/com.skywalkgames.blastctr/Cut the Rope_ BLAST_5826_APKPure.apk,,"arm64, arm32",936.88MB
,v5804,blast.webp,https://apkpure.com/cut-the-rope-blast/com.skywalkgames.blastctr/download/5804,,,
,,,https://cdn.candies.monster/apks/com.skywalkgames.blastctr/Cut the Rope_ BLAST_5804_APKPure.apk,,"arm64, arm32",936.51MB
,v5761,blast.webp,https://apkpure.com/cut-the-rope-blast/com.skywalkgames.blastctr/download/5761,,,
,,,https://cdn.candies.monster/apks/com.skywalkgames.blastctr/Cut the Rope_ BLAST_5761_APKPure.apk,,"arm64, arm32",904.03MB
,v5552,blast.webp,https://cut-the-rope-blast.en.uptodown.com/android/download/76462344,,,
,v5274,blast.webp,https://cut-the-rope-blast.en.uptodown.com/android/download/4512258,,,
,v5254,blast.webp,https://cut-the-rope-blast.en.uptodown.com/android/download/4470144,,,
,v5215,blast.webp,https://cut-the-rope-blast.en.uptodown.com/android/download/4412398,,,
,v5149,blast.webp,https://cut-the-rope-blast.en.uptodown.com/android/download/4332167,,,
,v4958,blast.webp,https://cut-the-rope-blast.en.uptodown.com/android/download/4241655,,,
,v4864,blast.webp,https://cut-the-rope-blast.en.uptodown.com/android/download/4217986,,,
,v4780,blast.webp,https://cut-the-rope-blast.en.uptodown.com/android/download/4206969,,,
,v4755,blast.webp,https://cut-the-rope-blast.en.uptodown.com/android/download/4202148,,,
,v4657,blast.webp,https://cut-the-rope-blast.en.uptodown.com/android/download/4184993,,,
,v4597,blast.webp,https://cut-the-rope-blast.en.uptodown.com/android/download/38600304,,,
,v4294,blast.webp,https://cut-the-rope-blast.en.uptodown.com/android/download/4090857,,,
,v4064,blast.webp,https://cut-the-rope-blast.en.uptodown.com/android/download/1017300426,,,
,v3525,blast.webp,https://cut-the-rope-blast.en.uptodown.com/android/download/4090862,,,
,v3453,blast.webp,https://cut-the-rope-blast.en.uptodown.com/android/download/4915177,,,
Om Nom Run,com.zeptolab.omnomrun.google,run.webp,,5
,v1.19.1,run.webp,https://www.apkmirror.com/apk/zeptolab/om-nom-run/om-nom-run-1-19-1-release/,,,
,,,https://apkpure.com/om-nom-run/com.zeptolab.omnomrun.google/download/1.19.1,,,
,,,https://om-nom-run.en.uptodown.com/android/download/1014851071,,,
,v1.19.0,run.webp,https://www.apkmirror.com/apk/zeptolab/om-nom-run/om-nom-run-1-19-0-release/,,,
,,,https://apkpure.com/om-nom-run/com.zeptolab.omnomrun.google/download/1.19.0,,,
,,,https://om-nom-run.en.uptodown.com/android/download/1008526065,,,
,v1.18.10,run.webp,https://www.apkmirror.com/apk/zeptolab/om-nom-run/om-nom-run-1-18-10-release/,,,
,,,https://apkpure.com/om-nom-run/com.zeptolab.omnomrun.google/download/1.18.10,,,
,,,https://om-nom-run.en.uptodown.com/android/download/123403220,,,
,v1.14.4,run.webp,https://www.apkmirror.com/apk/zeptolab/om-nom-run/om-nom-run-1-14-4-release/,,,
,,,https://apkpure.com/om-nom-run/com.zeptolab.omnomrun.google/download/1.14.4,,,
,,,https://om-nom-run.en.uptodown.com/android/download/86749960,,,
,v1.20.2,run.webp,https://apkpure.com/om-nom-run/com.zeptolab.omnomrun.google/download/1.20.2,,,
,,,https://om-nom-run.en.uptodown.com/android/download/1115732525,,,
,v1.19.4,run.webp,https://apkpure.com/om-nom-run/com.zeptolab.omnomrun.google/download/1.19.4,,,
,,,https://om-nom-run.en.uptodown.com/android/download/1047740376,,,
,v1.19.2,run.webp,https://apkpure.com/om-nom-run/com.zeptolab.omnomrun.google/download/1.19.2,,,
,,,https://om-nom-run.en.uptodown.com/android/download/1072716681,,,
,v1.18.7,run.webp,https://apkpure.com/om-nom-run/com.zeptolab.omnomrun.google/download/1.18.7,,,
,,,https://om-nom-run.en.uptodown.com/android/download/119911466,,,
,v1.18.5,run.webp,https://apkpure.com/om-nom-run/com.zeptolab.omnomrun.google/download/1.18.5,,,
,,,https://om-nom-run.en.uptodown.com/android/download/123736571,,,
,v1.18.3,run.webp,https://apkpure.com/om-nom-run/com.zeptolab.omnomrun.google/download/1.18.3,,,
,,,https://om-nom-run.en.uptodown.com/android/download/113318054,,,
,v1.18.1,run.webp,https://apkpure.com/om-nom-run/com.zeptolab.omnomrun.google/download/1.18.1,,,
,,,https://om-nom-run.en.uptodown.com/android/download/111726485,,,
,v1.18,run.webp,https://apkpure.com/om-nom-run/com.zeptolab.omnomrun.google/download/1.18,,,
,,,https://om-nom-run.en.uptodown.com/android/download/109648601,,,
,v1.17,run.webp,https://apkpure.com/om-nom-run/com.zeptolab.omnomrun.google/download/1.17,,,
,,,https://om-nom-run.en.uptodown.com/android/download/102580700,,,
,v1.16,run.webp,https://apkpure.com/om-nom-run/com.zeptolab.omnomrun.google/download/1.16,,,
,,,https://om-nom-run.en.uptodown.com/android/download/122200950,,,
,v1.15,run.webp,https://apkpure.com/om-nom-run/com.zeptolab.omnomrun.google/download/1.15,,,
,,,https://om-nom-run.en.uptodown.com/android/download/86923375,,,
,v1.14,run.webp,https://apkpure.com/om-nom-run/com.zeptolab.omnomrun.google/download/1.14,,,
,,,https://om-nom-run.en.uptodown.com/android/download/85894091,,,
,v1.13,run.webp,https://apkpure.com/om-nom-run/com.zeptolab.omnomrun.google/download/1.13,,,
,v1.12,run.webp,https://apkpure.com/om-nom-run/com.zeptolab.omnomrun.google/download/1.12,,,
,,,https://om-nom-run.en.uptodown.com/android/download/82193570,,,
,v1.11,run.webp,https://apkpure.com/om-nom-run/com.zeptolab.omnomrun.google/download/1.11,,,
,,,https://om-nom-run.en.uptodown.com/android/download/77222212,,,
,v1.10,run.webp,https://apkpure.com/om-nom-run/com.zeptolab.omnomrun.google/download/1.10,,,
,,,https://om-nom-run.en.uptodown.com/android/download/66363240,,,
,v1.9.1,run.webp,https://www.apkmirror.com/apk/zeptolab/om-nom-run/om-nom-run-1-9-1-release/,,,
,,,https://apkpure.com/om-nom-run/com.zeptolab.omnomrun.google/download/1.9.1,,,
,,,https://om-nom-run.en.uptodown.com/android/download/75304385,,,
,v1.9.0,run.webp,https://www.apkmirror.com/apk/zeptolab/om-nom-run/om-nom-run-1-9-0-release/,,,
,v1.8.1,run.webp,https://www.apkmirror.com/apk/zeptolab/om-nom-run/om-nom-run-1-8-1-release/,,,
,v1.8.0,run.webp,https://www.apkmirror.com/apk/zeptolab/om-nom-run/om-nom-run-1-8-0-release/,,,
,v1.7.1,run.webp,https://www.apkmirror.com/apk/zeptolab/om-nom-run/om-nom-run-1-7-1-release/,,,
,v1.7.0,run.webp,https://www.apkmirror.com/apk/zeptolab/om-nom-run/om-nom-run-1-7-0-release/,,,
,v1.6.0,run.webp,https://www.apkmirror.com/apk/zeptolab/om-nom-run/om-nom-run-1-6-0-release/,,,
,v1.5.1,run.webp,https://www.apkmirror.com/apk/zeptolab/om-nom-run/om-nom-run-1-5-1-release/,,,
,v1.5.0,run.webp,https://www.apkmirror.com/apk/zeptolab/om-nom-run/om-nom-run-1-5-0-release/,,,
,v1.4.4,run.webp,https://www.apkmirror.com/apk/zeptolab/om-nom-run/om-nom-run-1-4-4-release/,,,
,v1.4.3,run.webp,https://www.apkmirror.com/apk/zeptolab/om-nom-run/om-nom-run-1-4-3-release/,,,
,v1.4.2,run.webp,https://www.apkmirror.com/apk/zeptolab/om-nom-run/om-nom-run-1-4-2-release/,,,
,v1.4.1,run.webp,https://www.apkmirror.com/apk/zeptolab/om-nom-run/om-nom-run-1-4-1-release/,,,
,v1.3.3,run.webp,https://www.apkmirror.com/apk/zeptolab/om-nom-run/om-nom-run-1-3-3-release/,,,
,v1.3.1,run.webp,https://www.apkmirror.com/apk/zeptolab/om-nom-run/om-nom-run-1-3-1-release/,,,
,v1.3.0,run.webp,https://www.apkmirror.com/apk/zeptolab/om-nom-run/om-nom-run-1-3-0-release/,,,
,v1.2.3,run.webp,https://www.apkmirror.com/apk/zeptolab/om-nom-run/om-nom-run-1-2-3-release/,,,
,v1.2.2,run.webp,https://www.apkmirror.com/apk/zeptolab/om-nom-run/om-nom-run-1-2-2-release/,,,
,v1.2.0,run.webp,https://www.apkmirror.com/apk/zeptolab/om-nom-run/om-nom-run-1-2-0-release/,,,
,v1.1.8,run.webp,https://www.apkmirror.com/apk/zeptolab/om-nom-run/om-nom-run-1-1-8-release/,,,
,v1.1.7,run.webp,https://www.apkmirror.com/apk/zeptolab/om-nom-run/om-nom-run-1-1-7-release/,,,
,v1.1.6,run.webp,https://www.apkmirror.com/apk/zeptolab/om-nom-run/om-nom-run-1-1-6-release/,,,
,v1.1.4,run.webp,https://www.apkmirror.com/apk/zeptolab/om-nom-run/om-nom-run-1-1-4-release/,,,
,v1.1.2,run.webp,https://www.apkmirror.com/apk/zeptolab/om-nom-run/om-nom-run-1-1-2-release/,,,
,v1.0.9,run.webp,https://www.apkmirror.com/apk/zeptolab/om-nom-run/om-nom-run-1-0-9-release/,,,
,v1.0.7,run.webp,https://www.apkmirror.com/apk/zeptolab/om-nom-run/om-nom-run-1-0-7-release/,,,
,v1.0.6,run.webp,https://www.apkmirror.com/apk/zeptolab/om-nom-run/om-nom-run-1-0-6-release/,,,
,v1.0.5,run.webp,https://www.apkmirror.com/apk/zeptolab/om-nom-run/om-nom-run-1-0-5-release/,,,
,v1.0.4,run.webp,https://www.apkmirror.com/apk/zeptolab/om-nom-run/om-nom-run-1-0-4-release/,,,
,v1.0.1,run.webp,https://www.apkmirror.com/apk/zeptolab/om-nom-run/om-nom-run-1-0-1-release/,,,
,v0.7.4,run.webp,https://www.apkmirror.com/apk/zeptolab/om-nom-run/om-nom-run-0-7-4-release/,,,
Om Nom Run 2,com.zeptolab.OmNomRun2.parkour,run2.webp,,4,app-icon-11.png,large-icon-4.png
,v3.0.19,run2.webp,https://apkpure.com/om-nom-run-2/com.zeptolab.OmNomRun2.parkour/download/3.0.19,,,
,,,https://om-nom-run-2.en.uptodown.com/android/download/1016686800,,,
,v3.0.18,run2.webp,https://www.apkmirror.com/apk/zeptolab/om-nom-run-2/om-nom-run-2-3-0-18-release/,,,
,,,https://apkpure.com/om-nom-run-2/com.zeptolab.OmNomRun2.parkour/download/3.0.18,,,
,,,https://om-nom-run-2.en.uptodown.com/android/download/1003351809,,,
,,,https://cdn.candies.monster/leaks/Om Nom Run 2 v3.0.18 (1).apk,,"arm64, arm32",88.65MB
,v3.0.17,run2.webp,https://www.apkmirror.com/apk/zeptolab/om-nom-run-2/om-nom-run-2-3-0-17-release/,,,
,,,https://apkpure.com/om-nom-run-2/com.zeptolab.OmNomRun2.parkour/download/3.0.17,,,
,,,https://om-nom-run-2.en.uptodown.com/android/download/1001828751,,,
,v3.0.16,run2.webp,https://www.apkmirror.com/apk/zeptolab/om-nom-run-2/om-nom-run-2-3-0-16-release/,,,
,,,https://apkpure.com/om-nom-run-2/com.zeptolab.OmNomRun2.parkour/download/3.0.16,,,
,,,https://om-nom-run-2.en.uptodown.com/android/download/126198107,,,
,v3.0.15,run2.webp,https://www.apkmirror.com/apk/zeptolab/om-nom-run-2/om-nom-run-2-3-0-15-release/,,,
,,,https://apkpure.com/om-nom-run-2/com.zeptolab.OmNomRun2.parkour/download/3.0.15,,,
,,,https://om-nom-run-2.en.uptodown.com/android/download/1007877828,,,
,v3.0.14,run2.webp,https://www.apkmirror.com/apk/zeptolab/om-nom-run-2/om-nom-run-2-3-0-14-release/,,,
,,,https://apkpure.com/om-nom-run-2/com.zeptolab.OmNomRun2.parkour/download/3.0.14,,,
,,,https://om-nom-run-2.en.uptodown.com/android/download/1011824789,,,
,,,https://om-nom-run-2.en.uptodown.com/android/download/124190823,,,
,v3.0.13,run2.webp,https://apkpure.com/om-nom-run-2/com.zeptolab.OmNomRun2.parkour/download/3.0.13,,,
,,,https://om-nom-run-2.en.uptodown.com/android/download/121974427,,,
,v3.0.12,run2.webp,https://apkpure.com/om-nom-run-2/com.zeptolab.OmNomRun2.parkour/download/3.0.12,,,
,v3.0.11,run2.webp,https://apkpure.com/om-nom-run-2/com.zeptolab.OmNomRun2.parkour/download/3.0.11,,,
,v3.0.10,run2.webp,https://apkpure.com/om-nom-run-2/com.zeptolab.OmNomRun2.parkour/download/3.0.10,,,
,v3.0.9,run2.webp,https://apkpure.com/om-nom-run-2/com.zeptolab.OmNomRun2.parkour/download/3.0.9,,,
,v3.0.8,run2.webp,https://apkpure.com/om-nom-run-2/com.zeptolab.OmNomRun2.parkour/download/3.0.8,,,
,v3.0.7,run2.webp,https://apkpure.com/om-nom-run-2/com.zeptolab.OmNomRun2.parkour/download/3.0.7,,,
,v3.0.6,run2.webp,https://apkpure.com/om-nom-run-2/com.zeptolab.OmNomRun2.parkour/download/3.0.6,,,
,v3.0.5,run2.webp,https://apkpure.com/om-nom-run-2/com.zeptolab.OmNomRun2.parkour/download/3.0.5,,,
,,,https://om-nom-run-2.en.uptodown.com/android/download/118489171,,,
,v3.0.4,run2.webp,https://apkpure.com/om-nom-run-2/com.zeptolab.OmNomRun2.parkour/download/3.0.4,,,
,,,https://om-nom-run-2.en.uptodown.com/android/download/117627139,,,
,v3.0.3,run2.webp,https://apkpure.com/om-nom-run-2/com.zeptolab.OmNomRun2.parkour/download/3.0.3,,,
,,,https://om-nom-run-2.en.uptodown.com/android/download/117162278,,,
,v3.0.2,run2.webp,https://apkpure.com/om-nom-run-2/com.zeptolab.OmNomRun2.parkour/download/3.0.2,,,
,v3.0.1,run2.webp,https://apkpure.com/om-nom-run-2/com.zeptolab.OmNomRun2.parkour/download/3.0.1,,,
,,,https://om-nom-run-2.en.uptodown.com/android/download/114724710,,,
,v3.0.0,run2.webp,https://apkpure.com/om-nom-run-2/com.zeptolab.OmNomRun2.parkour/download/3.0.0,,,
,,,https://om-nom-run-2.en.uptodown.com/android/download/110466918,,,
,v2.1.3,run2.webp,https://om-nom-run-2.en.uptodown.com/android/download/107066268,,,
,v2.1.2,run2.webp,https://om-nom-run-2.en.uptodown.com/android/download/108169364,,,
,v2.1.0,run2.webp,https://om-nom-run-2.en.uptodown.com/android/download/106569035,,,
,v1.5.0,run2.webp,https://om-nom-run-2.en.uptodown.com/android/download/111018707,,,
,v1.4.0,run2.webp,https://om-nom-run-2.en.uptodown.com/android/download/102572030,,,
,v1.3.1,run2.webp,https://om-nom-run-2.en.uptodown.com/android/download/101516094,,,
,v1.3.0,run2.webp,https://om-nom-run-2.en.uptodown.com/android/download/98050230,,,
Om Nom Run 2,com.zeptolab.omnomparkour.google,run2.webp,another odd one with an additional separate package,4
,v0.2.4,run2.webp,https://www.apkmirror.com/apk/zeptolab/om-nom-parkour/om-nom-parkour-0-2-4-release/,,,
,,,https://apkpure.com/om-nom-run-2/com.zeptolab.omnomparkour.google/download/0.2.4,,,
,v0.2.1,run2.webp,https://www.apkmirror.com/apk/zeptolab/om-nom-parkour/om-nom-parkour-0-2-1-release/,,,
,,,https://apkpure.com/om-nom-run-2/com.zeptolab.omnomparkour.google/download/0.2.1,,,
,v0.1.4,run2.webp,https://www.apkmirror.com/apk/zeptolab/om-nom-parkour/om-nom-parkour-0-1-4-release/,,,
,,,https://apkpure.com/om-nom-run-2/com.zeptolab.omnomparkour.google/download/0.1.4,,,
,v0.1.3,run2.webp,https://www.apkmirror.com/apk/zeptolab/om-nom-parkour/om-nom-parkour-0-1-3-release/,,,
,,,https://apkpure.com/om-nom-run-2/com.zeptolab.omnomparkour.google/download/0.1.3,,,
,v0.1.2,run2.webp,https://apkpure.com/om-nom-run-2/com.zeptolab.omnomparkour.google/download/0.1.2,,,
,v0.1.1,run2.webp,https://www.apkmirror.com/apk/zeptolab/om-nom-parkour/om-nom-parkour-0-1-1-release/,,,
,,,https://apkpure.com/om-nom-run-2/com.zeptolab.omnomparkour.google/download/0.1.1,,,
,v0.1.0,run2.webp,https://www.apkmirror.com/apk/zeptolab/om-nom-parkour/om-nom-parkour-0-1-0-release/,,,
,,,https://apkpure.com/om-nom-run-2/com.zeptolab.omnomparkour.google/download/0.1.0,,,
My Om Nom,com.zeptolab.myomnom.free.google,myomnom.webp,"check pdalife and apkpure's xapks for proper obb data! not sure if mixing it with other versions will work, however you will not be able to launch the game on its own since the servers are long gone..",4
,v1.5.3,myomnom.webp,https://www.apkmirror.com/apk/zeptolab/my-om-nom-free/my-om-nom-free-1-5-3-release/,,,
,,,https://apkpure.com/my-om-nom/com.zeptolab.myomnom.free.google/download/1.5.3,,,
,,,https://apkcombo.com/my-om-nom/com.zeptolab.myomnom.free.google/download/apk,,,
,,,https://my-om-nom-free.en.uptodown.com/android/download/1113879716,,,
,v1.5.1,myomnom.webp,https://apkpure.com/my-om-nom/com.zeptolab.myomnom.free.google/download/1.5.1,,,
,v1.4.6,myomnom.webp,https://www.apkmirror.com/apk/zeptolab/my-om-nom-free/my-om-nom-free-1-4-6-release/,,,
,,,https://my-om-nom-free.en.uptodown.com/android/download/270853,,,
,v1.4.5,myomnom.webp,https://my-om-nom-free.en.uptodown.com/android/download/2626728,,,
,,,https://pdalife.com/my-om-nom-android-a15535.html,,,
,,,https://android-tehno.ru/my-om-nom-android#down,,,
Om Nom Run 3: Speedrun,com.zeptolab.omnomrun3,run3.webp,,3
,v0.4.3,run3.webp,https://apkpure.com/om-nom-run-3-speedrun/com.zeptolab.omnomrun3/download/0.4.3,,,
,v0.4.2,run3.webp,https://www.apkmirror.com/apk/zeptolab/om-nom-run-3-speedrun/om-nom-run-3-speedrun-0-4-2-release/,,,
,,,https://apkpure.com/om-nom-run-3-speedrun/com.zeptolab.omnomrun3/download/0.4.2,,,
,v0.4.1,run3.webp,https://apkpure.com/om-nom-run-3-speedrun/com.zeptolab.omnomrun3/download/0.4.1,,,
,v0.4,run3.webp,https://apkpure.com/om-nom-run-3-speedrun/com.zeptolab.omnomrun3/download/0.4,,,
,v0.3,run3.webp,https://apkpure.com/om-nom-run-3-speedrun/com.zeptolab.omnomrun3/download/0.3,,,
,v0.2.4,run3.webp,https://apkpure.com/om-nom-run-3-speedrun/com.zeptolab.omnomrun3/download/0.2.4,,,
Om Nom Merge,com.zeptolab.omnommerge.google,merge.webp,,5
,v46.4.4,merge.webp,https://www.apkmirror.com/apk/zeptolab/om-nom-merge/om-nom-merge-46-4-4-release/,,,
,,,https://www.apkmirror.com/apk/zeptolab/om-nom-merge/om-nom-merge-46-4-4-release/,,,
,,,https://apkpure.com/om-nom-merge/com.zeptolab.omnommerge.google/download/46.4.4,,,
,v46.4.3,merge.webp,https://apkpure.com/om-nom-merge/com.zeptolab.omnommerge.google/download/46.4.3,,,
,v46.4.2,merge.webp,https://apkpure.com/om-nom-merge/com.zeptolab.omnommerge.google/download/46.4.2,,,
,v46.4.1,merge.webp,https://apkpure.com/om-nom-merge/com.zeptolab.omnommerge.google/download/46.4.1,,,
,v46.4.0,merge.webp,https://www.apkmirror.com/apk/zeptolab/om-nom-merge/om-nom-merge-46-4-0-release/,,,
,,,https://www.apkmirror.com/apk/zeptolab/om-nom-merge/om-nom-merge-46-4-0-release/,,,
,,,https://apkpure.com/om-nom-merge/com.zeptolab.omnommerge.google/download/46.4.0,,,
,v46.3.0,merge.webp,https://apkpure.com/om-nom-merge/com.zeptolab.omnommerge.google/download/46.3.0,,,
,v46.2.551,merge.webp,https://www.apkmirror.com/apk/zeptolab/om-nom-merge/om-nom-merge-46-2-551-release/,,,
,,,https://apkpure.com/om-nom-merge/com.zeptolab.omnommerge.google/download/46.2.551,,,
,v45.2.550,merge.webp,https://www.apkmirror.com/apk/zeptolab/om-nom-merge/om-nom-merge-45-2-550-release/,,,
,,,https://apkpure.com/om-nom-merge/com.zeptolab.omnommerge.google/download/45.2.550,,,
,v42.2.545,merge.webp,https://www.apkmirror.com/apk/zeptolab/om-nom-merge/om-nom-merge-42-2-545-release/,,,
,,,https://apkpure.com/om-nom-merge/com.zeptolab.omnommerge.google/download/42.2.545,,,
,v40.2.536,merge.webp,https://www.apkmirror.com/apk/zeptolab/om-nom-merge/om-nom-merge-40-2-536-release/,,,
,,,https://apkpure.com/om-nom-merge/com.zeptolab.omnommerge.google/download/40.2.536,,,
,v38.2.527,merge.webp,https://www.apkmirror.com/apk/zeptolab/om-nom-merge/om-nom-merge-38-2-527-release/,,,
,,,https://apkpure.com/om-nom-merge/com.zeptolab.omnommerge.google/download/38.2.527,,,
,v32.2.498,merge.webp,https://www.apkmirror.com/apk/zeptolab/om-nom-merge/om-nom-merge-32-2-498-release/,,,
,,,https://apkpure.com/om-nom-merge/com.zeptolab.omnommerge.google/download/32.2.498,,,
,v19.2.437,merge.webp,https://www.apkmirror.com/apk/zeptolab/om-nom-merge/om-nom-merge-19-2-437-release/,,,
,,,https://apkpure.com/om-nom-merge/com.zeptolab.omnommerge.google/download/19.2.437,,,
,,,https://androeed.store/files/om-nom-merge.html,,,
Om Nom Swing,com.momzikov.omnomswing.google,swing.webp,,1,app-icon-11.png
,v0.31.01,swing.webp,https://apkpure.com/om-nom-swing/com.momzikov.omnomswing.google/download/0.31.01,,,
,,,https://apkcombo.com/om-nom-swing/com.momzikov.omnomswing.google,,,
,,,https://cdn.candies.monster/apks/com.momzikov.omnomswing.google/Om Nom Swing_0.31.01_APKPure.apk,,"arm64, arm32, x86",59.21MB
,v0.26.0,swing.webp,https://apkpure.com/om-nom-swing/com.momzikov.omnomswing.google/download/0.26.0,,,
,,,https://cdn.candies.monster/apks/com.momzikov.omnomswing.google/Om Nom Swing_0.26.0_APKPure.apk,,"arm64, arm32, x86",70.56MB
Maya Papaya,com.momzikov.sweetalchemy.google,mayapapaya.webp,,3
,v1.10.5,mayapapaya.webp,https://apkpure.com/maya-papaya/com.momzikov.sweetalchemy.google/download/1.10.5,,,
,v1.10.4,mayapapaya.webp,https://apkpure.com/maya-papaya/com.momzikov.sweetalchemy.google/download/1.10.4,,,
,v1.10.3,mayapapaya.webp,https://apkpure.com/maya-papaya/com.momzikov.sweetalchemy.google/download/1.10.3,,,
,v1.10.2,mayapapaya.webp,https://apkpure.com/maya-papaya/com.momzikov.sweetalchemy.google/download/1.10.2,,,
,v1.10.1,mayapapaya.webp,https://apkpure.com/maya-papaya/com.momzikov.sweetalchemy.google/download/1.10.1,,,
,v1.10,mayapapaya.webp,https://apkpure.com/maya-papaya/com.momzikov.sweetalchemy.google/download/1.10,,,
,v1.9.1,mayapapaya.webp,https://apkpure.com/maya-papaya/com.momzikov.sweetalchemy.google/download/1.9.1,,,
,v1.9,mayapapaya.webp,https://apkpure.com/maya-papaya/com.momzikov.sweetalchemy.google/download/1.9,,,
,v1.8.1,mayapapaya.webp,https://apkpure.com/maya-papaya/com.momzikov.sweetalchemy.google/download/1.8.1,,,
,v1.8,mayapapaya.webp,https://apkpure.com/maya-papaya/com.momzikov.sweetalchemy.google/download/1.8,,,
,v1.7.1,mayapapaya.webp,https://apkpure.com/maya-papaya/com.momzikov.sweetalchemy.google/download/1.7.1,,,
,v1.7,mayapapaya.webp,https://apkpure.com/maya-papaya/com.momzikov.sweetalchemy.google/download/1.7,,,
,v1.6,mayapapaya.webp,https://apkpure.com/maya-papaya/com.momzikov.sweetalchemy.google/download/1.6,,,
,v1.5,mayapapaya.webp,https://apkpure.com/maya-papaya/com.momzikov.sweetalchemy.google/download/1.5,,,
,v1.3.1,mayapapaya.webp,https://apkpure.com/maya-papaya/com.momzikov.sweetalchemy.google/download/1.3.1,,,
,v1.3,mayapapaya.webp,https://apkpure.com/maya-papaya/com.momzikov.sweetalchemy.google/download/1.3,,,
,v1.2.2,mayapapaya.webp,https://apkpure.com/maya-papaya/com.momzikov.sweetalchemy.google/download/1.2.2,,,
Om Nom Knockout,com.zeptolab.omnomknockout,knockout.webp,,3
,v1.0.10,knockout.webp,https://apkpure.com/om-nom-knockout/com.zeptolab.omnomknockout/download/1.0.10,,,
,,,https://apkcombo.com/om-nom-knockout/com.zeptolab.omnomknockout,,,
,v1.0.9,knockout.webp,https://apkpure.com/om-nom-knockout/com.zeptolab.omnomknockout/download/1.0.9,,,
Om Nom: Idle Candy,com.zeptolab.candyfactory,idlecandy.webp,,3,app-icon-65.png,app-icon-77.png,icon-10.png,icon-4.png,icon.png
,v0.21.1,idlecandy.webp,https://apkpure.com/om-nom-idle-candy/com.zeptolab.candyfactory/download/0.21.1,,,
,,,https://cdn.candies.monster/apks/com.zeptolab.candyfactory/Om Nom Idle Candy_0.21.1_APKPure.xapk,,arm64,103.17MB
,v0.21,idlecandy.webp,https://apkpure.com/om-nom-idle-candy/com.zeptolab.candyfactory/download/0.21,,,
,,,https://cdn.candies.monster/apks/com.zeptolab.candyfactory/om-nom-idle-candy-factory-0-21.apk,,"arm64, arm32",124.76MB
,v0.20.1,idlecandy.webp,https://apkpure.com/om-nom-idle-candy/com.zeptolab.candyfactory/download/0.20.1,,,
,v0.20,idlecandy.webp,https://apkpure.com/om-nom-idle-candy/com.zeptolab.candyfactory/download/0.20,,,
,v0.19,idlecandy.webp,https://apkpure.com/om-nom-idle-candy/com.zeptolab.candyfactory/download/0.19,,,
,v0.18,idlecandy.webp,https://apkpure.com/om-nom-idle-candy/com.zeptolab.candyfactory/download/0.18,,,
,v0.17.2,idlecandy.webp,https://apkpure.com/om-nom-idle-candy/com.zeptolab.candyfactory/download/0.17.2,,,
,,,https://cdn.candies.monster/apks/com.zeptolab.candyfactory/om-nom-idle-candy-factory-0-17-2.apk,,"arm64, arm32",98.81MB
,v0.17.1,idlecandy.webp,https://apkpure.com/om-nom-idle-candy/com.zeptolab.candyfactory/download/0.17.1,,,
,,,https://cdn.candies.monster/apks/com.zeptolab.candyfactory/om-nom-idle-candy-factory-0-17-1.apk,,"arm64, arm32",96.53MB
,v0.17,idlecandy.webp,https://apkpure.com/om-nom-idle-candy/com.zeptolab.candyfactory/download/0.17,,,
,v0.16,idlecandy.webp,https://apkpure.com/om-nom-idle-candy/com.zeptolab.candyfactory/download/0.16,,,
,v0.15,idlecandy.webp,https://apkpure.com/om-nom-idle-candy/com.zeptolab.candyfactory/download/0.15,,,
,v0.14,idlecandy.webp,https://apkpure.com/om-nom-idle-candy/com.zeptolab.candyfactory/download/0.14,,,
,v0.13,idlecandy.webp,https://apkpure.com/om-nom-idle-candy/com.zeptolab.candyfactory/download/0.13,,,
,v0.12.1,idlecandy.webp,https://apkpure.com/om-nom-idle-candy/com.zeptolab.candyfactory/download/0.12.1,,,
,v0.12,idlecandy.webp,https://apkpure.com/om-nom-idle-candy/com.zeptolab.candyfactory/download/0.12,,,
,v0.11,idlecandy.webp,https://apkpure.com/om-nom-idle-candy/com.zeptolab.candyfactory/download/0.11,,,
,v0.10.5,idlecandy.webp,https://apkpure.com/om-nom-idle-candy/com.zeptolab.candyfactory/download/0.10.5,,,
,,,https://cdn.candies.monster/apks/com.zeptolab.candyfactory/Om Nom Idle Candy_0.10.5_APKPure.xapk,,arm64,62.97MB
,,,https://cdn.candies.monster/apks/com.zeptolab.candyfactory/om-nom-idle-candy-factory-0-10-5.apk,,"arm64, arm32",82.95MB
,v0.10.4,idlecandy.webp,https://apkpure.com/om-nom-idle-candy/com.zeptolab.candyfactory/download/0.10.4,,,
,,,https://cdn.candies.monster/apks/com.zeptolab.candyfactory/Om Nom Idle Candy_0.10.4_APKPure.xapk,,arm64,62.73MB
,v0.10.2,idlecandy.webp,https://apkpure.com/om-nom-idle-candy/com.zeptolab.candyfactory/download/0.10.2,,,
,,,https://cdn.candies.monster/apks/com.zeptolab.candyfactory/Om Nom Idle Candy_0.10.2_APKPure.xapk,,arm64,61.80MB
,v0.10.1,idlecandy.webp,https://apkpure.com/om-nom-idle-candy/com.zeptolab.candyfactory/download/0.10.1,,,
,,,https://cdn.candies.monster/apks/com.zeptolab.candyfactory/Om Nom Idle Candy_0.10.1_APKPure.xapk,,arm64,60.22MB
,v0.0.5,idlecandy.webp,https://apkpure.com/om-nom-candy-factory/com.zeptolab.idlecandyfactory/download/0.0.5,,,
,v0.0.4,idlecandy.webp,https://apkpure.com/om-nom-candy-factory/com.zeptolab.idlecandyfactory/download/0.0.4,,,
,v0.0.3,idlecandy.webp,https://apkpure.com/om-nom-candy-factory/com.zeptolab.idlecandyfactory/download/0.0.3,,,
,v0.3.1,idlecandy.webp,https://cdn.candies.monster/apks/com.zeptolab.candyfactory/om-nom-idle-candy-factory-0-3-1.apk,,"arm64, arm32",73.06MB
,v0.4,idlecandy.webp,https://cdn.candies.monster/apks/com.zeptolab.candyfactory/om-nom-idle-candy-factory-0-4.apk,,"arm64, arm32",86.47MB
,v0.6.1,idlecandy.webp,https://cdn.candies.monster/apks/com.zeptolab.candyfactory/om-nom-idle-candy-factory-0-6-1.apk,,"arm64, arm32",61.99MB
,v0.6,idlecandy.webp,https://cdn.candies.monster/apks/com.zeptolab.candyfactory/om-nom-idle-candy-factory-0-6.apk,,"arm64, arm32",61.99MB
Cut the Rope Theme,com.airthemes.ctrairtheme,theme.webp,,3,icon-22.png,icon-23.png
,v2.0.1,themett.webp,https://apkpure.com/cut-the-rope-theme/com.airthemes.ctrairtheme/download/2.0.1,,,
,,,https://cdn.candies.monster/apks/com.airthemes.ctrairtheme/Cut the Rope Theme_2.0.1_APKPure.apk,,"arm64, arm, arm32, mips, mips64, x86, x86_64",31.57MB
,,,https://apkpure.com/cut-the-rope-theme/com.airthemes.ctrairtheme/download/2.0.1,,,
,,,https://cdn.candies.monster/apks/com.airthemes.ctrairtheme/Cut the Rope Theme_2.0.1_APKPure.apk,,"arm64, arm, arm32, mips, mips64, x86, x86_64",31.57MB
,v2.0.0,themett.webp,https://apkpure.com/cut-the-rope-theme/com.airthemes.ctrairtheme/download/2.0.0,,,
,,,https://cut-the-rope-theme.en.uptodown.com/android/download/1020054868,,,
,,,https://cdn.candies.monster/apks/com.airthemes.ctrairtheme/Cut the Rope Theme_2.0.0_APKPure.apk,,"arm, arm32, x86",28.91MB
,,,https://apkpure.com/cut-the-rope-theme/com.airthemes.ctrairtheme/download/2.0.0,,,
,,,https://cut-the-rope-theme.en.uptodown.com/android/download/1020054868,,,
,,,https://cdn.candies.monster/apks/com.airthemes.ctrairtheme/Cut the Rope Theme_2.0.0_APKPure.apk,,"arm, arm32, x86",28.91MB
,v1.5.0,themett.webp,https://apkpure.com/cut-the-rope-theme/com.airthemes.ctrairtheme/download/1.5.0,,,
,,,https://cut-the-rope-theme.en.uptodown.com/android/download/62154985,,,
,,,https://cdn.candies.monster/apks/com.airthemes.ctrairtheme/Cut the Rope Theme_1.5.0_APKPure.apk,,"arm, arm32, x86",32.47MB
,,,https://apkpure.com/cut-the-rope-theme/com.airthemes.ctrairtheme/download/1.5.0,,,
,,,https://cut-the-rope-theme.en.uptodown.com/android/download/62154985,,,
,,,https://cdn.candies.monster/apks/com.airthemes.ctrairtheme/Cut the Rope Theme_1.5.0_APKPure.apk,,"arm, arm32, x86",32.47MB
,v1.4.0,themett.webp,https://apkpure.com/cut-the-rope-theme/com.airthemes.ctrairtheme/download/1.4.0,,,
,,,https://cdn.candies.monster/apks/com.airthemes.ctrairtheme/Cut the Rope Theme_1.4.0_APKPure.apk,,"arm, arm32, x86",32.21MB
,,,https://apkpure.com/cut-the-rope-theme/com.airthemes.ctrairtheme/download/1.4.0,,,
,,,https://cdn.candies.monster/apks/com.airthemes.ctrairtheme/Cut the Rope Theme_1.4.0_APKPure.apk,,"arm, arm32, x86",32.21MB
,v1.3.12,themett.webp,https://apkpure.com/cut-the-rope-theme/com.airthemes.ctrairtheme/download/1.3.12,,,
,,,https://cut-the-rope-theme.en.uptodown.com/android/download/285515,,,
,,,https://cdn.candies.monster/apks/com.airthemes.ctrairtheme/Cut the Rope Theme_1.3.12_APKPure.apk,,arm32,20.72MB
,,,https://apkpure.com/cut-the-rope-theme/com.airthemes.ctrairtheme/download/1.3.12,,,
,,,https://cut-the-rope-theme.en.uptodown.com/android/download/285515,,,
,,,https://cdn.candies.monster/apks/com.airthemes.ctrairtheme/Cut the Rope Theme_1.3.12_APKPure.apk,,arm32,20.72MB
,v1.3.11,themett.webp,https://cut-the-rope-theme.en.uptodown.com/android/download/1048369734,,,
,,,https://cdn.candies.monster/apks/com.airthemes.ctrairtheme/cut-the-rope-theme-1-3-11.apk,,arm32,20.65MB
,,,https://cut-the-rope-theme.en.uptodown.com/android/download/1048369734,,,
,,,https://cdn.candies.monster/apks/com.airthemes.ctrairtheme/cut-the-rope-theme-1-3-11.apk,,arm32,20.65MB
,v1.3.8,themett.webp,https://cut-the-rope-theme.en.uptodown.com/android/download/259385,,,
,,,https://cdn.candies.monster/apks/com.airthemes.ctrairtheme/cut-the-rope-theme-1-3-8-multi-android.apk,,arm32,19.60MB
,,,https://cut-the-rope-theme.en.uptodown.com/android/download/259385,,,
,,,https://cdn.candies.monster/apks/com.airthemes.ctrairtheme/cut-the-rope-theme-1-3-8-multi-android.apk,,arm32,19.60MB
,v1.2.7,themett.webp,https://cut-the-rope-theme.en.uptodown.com/android/download/2776006,,,
,,,https://cdn.candies.monster/apks/com.airthemes.ctrairtheme/cut-the-rope-theme-1-2-7.apk,,"arm, arm32",22.60MB
,,,https://cut-the-rope-theme.en.uptodown.com/android/download/2776006,,,
,,,https://cdn.candies.monster/apks/com.airthemes.ctrairtheme/cut-the-rope-theme-1-2-7.apk,,"arm, arm32",22.60MB
,v1.0.11,themett.webp,https://apkpure.com/cut-the-rope-time-travel-theme/com.airthemes.timetravelzeptolab/download/1.0.11,,,
,,,https://apkpure.com/cut-the-rope-time-travel-theme/com.airthemes.timetravelzeptolab/download/1.0.11,,,
Cut the Rope: Doodle,com.zeptolab.crazyrun,doodle.webp,what the hell is going on here?,0,app-icon-11.png
,v0.0.2,doodle.webp,https://apkpure.com/cut-the-rope-doodle/com.zeptolab.crazyrun/download/0.0.2,,,
,,,https://cdn.candies.monster/apks/com.zeptolab.crazyrun/Cut the Rope Doodle_0.0.2_APKPure.apk,,"arm64, arm32",41.30MB
Om Nom Toons,com.zeptolab.toonplayer.google,toons.webp,you're NEVER too old to watch cartoons for children. go for it,3
,v1.1.0,toons.webp,https://om-nom-toons.en.uptodown.com/android/download/74988259@1.1.0,,,
,,,https://apkcombo.com/om-nom-toons/com.zeptolab.toonplayer.google,,,
,v1.0.1,toons.webp,https://om-nom-toons.en.uptodown.com/android/download/1077733,,,
My Om Nom Virtual Pet,com.myvirtualpet.omnomgame,virtualpet.webp,,3,app-icon-101.png,icon.png
,v1.10.0,virtualpet.webp,https://apkpure.com/my-om-nom-virtual-pet/com.myvirtualpet.omnomgame/download/1.10.0,,,
,,,https://cdn.candies.monster/apks/com.myvirtualpet.omnomgame/My Om Nom - Virtual Pet_1.10.0_APKPure.xapk,,arm64,175.46MB
,v1.9.0,virtualpet.webp,https://apkpure.com/my-om-nom-virtual-pet/com.myvirtualpet.omnomgame/download/1.9.0,,,
,,,https://cdn.candies.monster/apks/com.myvirtualpet.omnomgame/My Om Nom - Virtual Pet_1.9.0_APKPure.xapk,,arm64,175.39MB
,v1.8.0,virtualpet.webp,https://apkpure.com/my-om-nom-virtual-pet/com.myvirtualpet.omnomgame/download/1.8.0,,,
,,,https://cdn.candies.monster/apks/com.myvirtualpet.omnomgame/My Om Nom - Virtual Pet_1.8.0_APKPure.xapk,,arm64,192.37MB
,v1.7.1,virtualpet.webp,https://apkpure.com/my-om-nom-virtual-pet/com.myvirtualpet.omnomgame/download/1.7.1,,,
,,,https://cdn.candies.monster/apks/com.myvirtualpet.omnomgame/My Om Nom - Virtual Pet_1.7.1_APKPure.xapk,,arm64,189.75MB
,v1.6.1,virtualpet.webp,https://apkpure.com/my-om-nom-virtual-pet/com.myvirtualpet.omnomgame/download/1.6.1,,,
,,,https://cdn.candies.monster/apks/com.myvirtualpet.omnomgame/My Om Nom - Virtual Pet_1.6.1_APKPure.xapk,,arm64,191.02MB
,v1.5.0,virtualpet.webp,https://apkpure.com/my-om-nom-virtual-pet/com.myvirtualpet.omnomgame/download/1.5.0,,,
,,,https://cdn.candies.monster/apks/com.myvirtualpet.omnomgame/My Om Nom - Virtual Pet_1.5.0_APKPure.xapk,,arm64,182.61MB
,v1.4.0,virtualpet.webp,https://apkpure.com/my-om-nom-virtual-pet/com.myvirtualpet.omnomgame/download/1.4.0,,,
,,,https://cdn.candies.monster/apks/com.myvirtualpet.omnomgame/My Om Nom - Virtual Pet_1.4.0_APKPure.xapk,,arm64,181.99MB
,v1.3.0,virtualpet.webp,https://apkpure.com/my-om-nom-virtual-pet/com.myvirtualpet.omnomgame/download/1.3.0,,,
,,,https://cdn.candies.monster/apks/com.myvirtualpet.omnomgame/My Om Nom - Virtual Pet_1.3.0_APKPure.xapk,,arm64,207.59MB
,v1.2.1,virtualpet.webp,https://apkpure.com/my-om-nom-virtual-pet/com.myvirtualpet.omnomgame/download/1.2.1,,,
,,,https://cdn.candies.monster/apks/com.myvirtualpet.omnomgame/My Om Nom - Virtual Pet_1.2.1_APKPure.xapk,,arm64,201.38MB
,v1.2.0,virtualpet.webp,https://apkpure.com/my-om-nom-virtual-pet/com.myvirtualpet.omnomgame/download/1.2.0,,,
,,,https://cdn.candies.monster/apks/com.myvirtualpet.omnomgame/My Om Nom - Virtual Pet_1.2.0_APKPure.xapk,,arm64,194.18MB
,v1.1.1,virtualpet.webp,https://apkpure.com/my-om-nom-virtual-pet/com.myvirtualpet.omnomgame/download/1.1.1,,,
,,,https://cdn.candies.monster/apks/com.myvirtualpet.omnomgame/My Om Nom - Virtual Pet_1.1.1_APKPure.xapk,,arm64,210.06MB
,v1.1.0,virtualpet.webp,https://apkpure.com/my-om-nom-virtual-pet/com.myvirtualpet.omnomgame/download/1.1.0,,,
,,,https://cdn.candies.monster/apks/com.myvirtualpet.omnomgame/My Om Nom - Virtual Pet_1.1.0_APKPure.xapk,,arm64,202.29MB
,v1.0.2,virtualpet.webp,https://apkpure.com/my-om-nom-virtual-pet/com.myvirtualpet.omnomgame/download/1.0.2,,,
,,,https://cdn.candies.monster/apks/com.myvirtualpet.omnomgame/My Om Nom - Virtual Pet_1.0.2_APKPure.xapk,,arm64,204.46MB
,v0.5.2,virtualpet.webp,https://apkpure.com/my-om-nom-virtual-pet/com.myvirtualpet.omnomgame/download/0.5.2,,,
,,,https://cdn.candies.monster/apks/com.myvirtualpet.omnomgame/My Om Nom - Virtual Pet_0.5.2_APKPure.xapk,,arm64,211.90MB
,v0.4.4,virtualpet.webp,https://apkpure.com/my-om-nom-virtual-pet/com.myvirtualpet.omnomgame/download/0.4.4,,,
,,,https://cdn.candies.monster/apks/com.myvirtualpet.omnomgame/My Om Nom - Virtual Pet_0.4.4_APKPure.xapk,,arm64,184.77MB
,v0.4.2,virtualpet.webp,https://apkpure.com/my-om-nom-virtual-pet/com.myvirtualpet.omnomgame/download/0.4.2,,,
,,,https://cdn.candies.monster/apks/com.myvirtualpet.omnomgame/My Om Nom - Virtual Pet_0.4.2_APKPure.apk,,"arm64, arm32",202.58MB
,,,https://cdn.candies.monster/apks/com.myvirtualpet.omnomgame/My Om Nom - Virtual Pet_0.4.2_APKPure.xapk,,arm64,182.04MB
,v0.4.1,virtualpet.webp,https://apkpure.com/my-om-nom-virtual-pet/com.myvirtualpet.omnomgame/download/0.4.1,,,
,,,https://cdn.candies.monster/apks/com.myvirtualpet.omnomgame/My Om Nom - Virtual Pet_0.4.1_APKPure.apk,,"arm64, arm32",202.60MB
,v0.3.0,virtualpet.webp,https://apkpure.com/my-om-nom-virtual-pet/com.myvirtualpet.omnomgame/download/0.3.0,,,
,,,https://cdn.candies.monster/apks/com.myvirtualpet.omnomgame/My Om Nom - Virtual Pet_0.3.0_APKPure.apk,,"arm64, arm32",166.86MB
,,,https://cdn.candies.monster/apks/com.myvirtualpet.omnomgame/My Om Nom - Virtual Pet_0.3.0_APKPure.xapk,,arm64,146.66MB
,v0.2.4,virtualpet.webp,https://apkpure.com/my-om-nom-virtual-pet/com.myvirtualpet.omnomgame/download/0.2.4,,,
,,,https://cdn.candies.monster/apks/com.myvirtualpet.omnomgame/My Om Nom - Virtual Pet_0.2.4_APKPure.xapk,,arm64,148.33MB
,v0.2.3,virtualpet.webp,https://apkpure.com/my-om-nom-virtual-pet/com.myvirtualpet.omnomgame/download/0.2.3,,,
,v0.2.1,virtualpet.webp,https://apkpure.com/my-om-nom-virtual-pet/com.myvirtualpet.omnomgame/download/0.2.1,,,
,v0.1.5,virtualpet.webp,https://apkpure.com/my-om-nom-virtual-pet/com.myvirtualpet.omnomgame/download/0.1.5,,,
,,,https://cdn.candies.monster/apks/com.myvirtualpet.omnomgame/My Om Nom - Virtual Pet_0.1.5_APKPure.apk,,"arm64, arm32",159.51MB
,,,https://cdn.candies.monster/apks/com.myvirtualpet.omnomgame/My Om Nom - Virtual Pet_0.1.5_APKPure.xapk,,arm64,139.15MB
,v1.11.0,virtualpet.webp,https://cdn.candies.monster/apks/com.myvirtualpet.omnomgame/My Om Nom - Virtual Pet_1.11.0_APKPure.xapk,,arm64,276.41MB
Om Nom Bubbles,com.zeptolab.bubbles.f2p.google,bubbles.webp,Buble,2,icon-3.png
,v1.0.4,bubbles.webp,https://apkpure.com/om-nom-bubbles/com.zeptolab.bubbles.f2p.google/download/1.0.4,,,
,,,https://cdn.candies.monster/apks/com.zeptolab.bubbles.f2p.google/Om Nom_ Bubbles_1.0.4_APKPure.apk,,"arm, arm32, x86",27.85MB
Om Nom Bubble,com.SugoooiStudio.OmNomBubble,bubble.webp,,2,app-icon-11.png
,v1.1,bubble.webp,https://apkpure.com/om-nom-bubble/com.SugoooiStudio.OmNomBubble/download/1.1,,,
,,,https://cdn.candies.monster/apks/com.SugoooiStudio.OmNomBubble/Om Nom Bubble_1.1_APKPure.xapk,,arm64,27.30MB
Om Nom Karts,com.zeptolab.om.nom.karts,karts.webp,,2
,v0.1,karts.webp,https://apkpure.com/om-nom-karts/com.zeptolab.om.nom.karts/download/0.1,,,
,,,https://apkpure.com/om-nom-karts/com.zeptolab.om.nom.karts/download/0.1,,,
OnNomPuzzle,com.gd.omnomquiz,brainteaser.webp,,2,app-icon-11.png
,v1.4,brainteaser.webp,https://apkpure.com/om-nom-brain-teaser/com.gd.omnomquiz/download/1.4,,,
,,,https://cdn.candies.monster/apks/com.gd.omnomquiz/OM Nom_ Brain Teaser_1.4_APKPure.apk,,arm32,24.57MB
,v1.3,brainteaser.webp,https://apkpure.com/om-nom-brain-teaser/com.gd.omnomquiz/download/1.3,,,
,,,https://cdn.candies.monster/apks/com.gd.omnomquiz/OM Nom_ Brain Teaser_1.3_APKPure.xapk,,arm64,24.84MB
Om Nom Catch,com.redeye.OmNomCatch,catch.webp,,2,app-icon-11.png
,v0.1,catch.webp,https://apkpure.com/om-nom-catch/com.redeye.OmNomCatch/download/0.1,,,
,,,https://cdn.candies.monster/apks/com.redeye.OmNomCatch/Om Nom Catch_0.1_APKPure.apk,,"arm64, arm32",89.76MB
Om Nom Candy Ball,com.sugoooi.omnomcandyball,candyball.webp,,2,app-icon-11.png,app-icon-17.png
,v1.04,candyball.webp,https://apkpure.com/om-nom-candy-ball/com.sugoooi.omnomcandyball/download/1.04,,,
,,,https://cdn.candies.monster/apks/com.sugoooi.omnomcandyball/Om Nom_ Candy Ball_1.04_APKPure.xapk,,arm64,43.29MB
,v1.02,candyball.webp,https://apkpure.com/om-nom-candy-ball/com.sugoooi.omnomcandyball/download/1.02,,,
,,,https://cdn.candies.monster/apks/com.sugoooi.omnomcandyball/Om Nom_ Candy Ball_1.02_APKPure.apk,,"arm64, arm32",36.87MB
Om Nom Drop & Match,com.zeptolab.dropandmatch,dam.webp,this game never came out..,0
,v0.0.1,dam.webp,https://apkpure.com/om-nom-drop-match/com.zeptolab.dropandmatch/download/0.0.1,,,
Om Nom Tycoon,com.zeptolab.omnomfarm,tycoon.webp,"as seen by the package name, it was named om nom farm in its early stages.",2
,v1.1.61,tycoon.webp,https://apkpure.com/om-nom-tycoon/com.zeptolab.omnomfarm/download/1.1.61,,,
,v0.2.5,tycoon.webp,https://apkpure.com/om-nom-tycoon/com.zeptolab.omnomfarm/download/0.2.5,,,
,v0.2.3,tycoon.webp,https://apkpure.com/om-nom-tycoon/com.zeptolab.omnomfarm/download/0.2.3,,,
,v0.1,tycoon.webp,https://apkpure.com/om-nom-tycoon/com.zeptolab.omnomfarm/download/0.1,,,
Om Nom Golf,com.vividgames.om.nom.mini.golf,golf.webp,,2,icon.png
,v1.1,golf.webp,https://apkpure.com/om-nom-golf/com.vividgames.om.nom.mini.golf/download/1.1,,,
,,,https://cdn.candies.monster/apks/com.vividgames.om.nom.mini.golf/Om Nom Golf_1.1_APKPure.xapk,,arm64,51.95MB
CyberNom,com.zeptolab.cybernom,cybernom.webp,,2
,v0.4.1,cybernom.webp,https://apkpure.com/cybernom/com.zeptolab.cybernom/download/0.4.1,,,
Om Nom: A-Mazing Candy,com.zeptolab.amazingcandy,amazingcandy.webp,,2,app-icon-11.png
,v1.0,amazingcandy.webp,https://apkpure.com/om-nom-a-mazing-candy/com.zeptolab.amazingcandy/download/1.0,,,
,,,https://cdn.candies.monster/apks/com.zeptolab.amazingcandy/Om Nom A-mazing Candy_1.0_APKPure.apk,,"arm64, arm32",27.22MB
Om Nom Triple Match,com.zeptolab.triplematch,triplematch.webp,,2
,v0.0.2,triplematch.webp,https://apkpure.com/om-nom-triple-match/com.zeptolab.triplematch/download/0.0.2,,,
Om Nom Crafters,com.vividgames.om.nom.craft,crafters.webp,,2,icon.png
,v1.1.0,crafters.webp,https://apkpure.com/om-nom-crafters/com.vividgames.om.nom.craft/download/1.1.0,,,
,,,https://cdn.candies.monster/apks/com.vividgames.om.nom.craft/Om Nom Crafters_1.1.0_APKPure.xapk,,arm64,40.82MB
Om Nom Roll Race,com.zeptolab.om.nom.roll,rollrace.webp,,2
,v0.6,rollrace.webp,https://apkpure.com/om-nom-roll-race/com.zeptolab.om.nom.roll/download/0.6,,,
,v0.2.5,rollrace.webp,https://apkpure.com/om-nom-roll-race/com.zeptolab.om.nom.roll/download/0.2.5,,,
,,,https://apkcombo.com/om-nom-roll-race/com.zeptolab.om.nom.roll,,,
Om Nom Racing,com.zeptolab.om.nom.racing.mayhem,racing.webp,,2
,v0.1,racing.webp,https://apkpure.com/om-nom-racing/com.zeptolab.om.nom.racing.mayhem/download/0.1,,,
Where's Om Nom?,com.zeptolab.wheresomnom,wheresomnom.webp,"used to be 4.99$ on play store, however it's no longer legally obtainable.",2
,v1.1,wheresomnom.webp,https://androeed.store/files/wheres-om-nom.html,,,
,,,"https://pdalife.to/wheres-om-nom-android-a36371.html#:~:text=Where%27s%20Om%20Nom%3F-,v1.1,-%D0%9E%D1%80%D0%B8%D0%B3%D0%B8%D0%BD%D0%B0%D0%BB",,,
Om Nom Yeet!,com.aeonsparx.omnom,icons/com.aeonsparx.omnom/icon.png,,1,icon-38.png,icon.png
,v0.0.7,icons/com.aeonsparx.omnom/icon.png,https://apkpure.com/om-nom-yeet/com.aeonsparx.omnom/download/0.0.7,,,
,,,https://cdn.candies.monster/apks/com.aeonsparx.omnom/Om Nom Yeet!_0.0.7_APKPure.xapk,,arm64,127.38MB
,v0.0.6d,icons/com.aeonsparx.omnom/icon.png,https://apkpure.com/om-nom-yeet/com.aeonsparx.omnom/download/0.0.6d,,,
,,,https://cdn.candies.monster/apks/com.aeonsparx.omnom/Om Nom Yeet!_0.0.6d_APKPure.xapk,,arm64,207.66MB
,v0.0.6,icons/com.aeonsparx.omnom/icon.png,https://apkpure.com/om-nom-yeet/com.aeonsparx.omnom/download/0.0.6,,,
,,,https://cdn.candies.monster/apks/com.aeonsparx.omnom/Om Nom Yeet!_0.0.6_APKPure.xapk,,arm64,207.59MB
,v0.0.4,icons/com.aeonsparx.omnom/icon.png,https://apkpure.com/om-nom-yeet/com.aeonsparx.omnom/download/0.0.4,,,
,,,https://cdn.candies.monster/apks/com.aeonsparx.omnom/Om Nom Yeet!_0.0.4_APKPure.xapk,,arm64,183.53MB
,v0.0.2,icons/com.aeonsparx.omnom/icon.png,https://pdalife.com/om-nom-yeet-android-a42873.html,,,
,,,https://cdn.candies.monster/apks/com.aeonsparx.omnom/Om Nom Yeet!_0.0.2_APKPure.xapk,,arm64,137.52MB
,v0.0.1,icons/com.aeonsparx.omnom/icon.png,https://apkpure.com/om-nom-yeet/com.aeonsparx.omnom/download/0.0.1,,,
,,,https://cdn.candies.monster/apks/com.aeonsparx.omnom/Om Nom Yeet!_0.0.1_APKPure.xapk,,arm64,137.52MB
Om Nom Blast!,com.stelar.omnomblast,blastbutnot.webp,,0,icon.png
,v0.9.7,blastbutnot.webp,https://apkcombo.com/om-nom-om-nom-blast/com.stelar.omnomblast/,,,
,,,https://om-nom-blast.en.uptodown.com/android/download,,,
,,,https://cdn.candies.monster/apks/com.stelar.omnomblast/Om Nom_ Om Nom Blast_0.9.7_APKPure.apk,,"arm64, arm32",139.12MB
,,,https://cdn.candies.monster/apks/com.stelar.omnomblast/om-nom-blast-0-9-7.apk,,"arm64, arm32",139.12MB
,v0.9.5,blastbutnot.webp,https://apkpure.com/om-nom-om-nom-blast/com.stelar.omnomblast/download/0.9.5,,,
,,,https://om-nom-blast.en.uptodown.com/android/download/4544291,,,
,,,https://cdn.candies.monster/apks/com.stelar.omnomblast/Om Nom_ Om Nom Blast_0.9.5_APKPure.xapk,,arm64,101.23MB
,,,https://cdn.candies.monster/apks/com.stelar.omnomblast/om-nom-blast-0-9-5.apk,,"arm64, arm32",139.12MB
Om Nom Solitaire,com.popside.solitaire.omnom,solitaire.webp,,2,app-icon-11.png
,v1.20,solitaire.webp,https://apkcombo.com/om-nom-solitaire/com.popside.solitaire.omnom/download/phone-1.20-apk,,,
,,,https://cdn.candies.monster/apks/com.popside.solitaire.omnom/Om Nom Solitaire_1.20_APKPure.apk,,"arm64, arm32",108.71MB
,v1.10,solitaire.webp,https://apkcombo.com/om-nom-solitaire/com.popside.solitaire.omnom/download/phone-1.10-apk,,,
,v1.04,solitaire.webp,https://apkcombo.com/om-nom-solitaire/com.popside.solitaire.omnom/download/phone-1.04-apk,,,
,v1.02,solitaire.webp,https://apkcombo.com/om-nom-solitaire/com.popside.solitaire.omnom/download/phone-1.02-apk,,,
,v1.00,solitaire.webp,https://apkcombo.com/om-nom-solitaire/com.popside.solitaire.omnom/download/phone-1.00-apk,,,
Om Nom Pirates,com.omnom.pirates,pirates.webp,,1,app-icon-11.png
,v1.0,pirates.webp,https://apkpure.com/om-nom-pirates/com.omnom.pirates/download/1.0,,,
,,,https://cdn.candies.monster/apks/com.omnom.pirates/Om Nom Pirates_1.0_APKPure.apk,,"arm64, arm32",80.12MB
Om Nom Pirates Clans,com.omnom.piratesclans,pirates.webp,,1,icon.png
,v1.0,pirates.webp,https://apkcombo.com/om-nom-pirates-clans/com.omnom.piratesclans/download/phone-1.0-apk,,,
,v0.3.1,pirates.webp,https://apkcombo.com/om-nom-pirates-clans/com.omnom.piratesclans/download/phone-0.3.1-apk,,,
,,,https://cdn.candies.monster/apks/com.omnom.piratesclans/Om Nom Pirates Clans_0.3.1_APKPure.apk,,arm64,136.08MB
,,,https://cdn.candies.monster/apks/com.omnom.piratesclans/Om Nom Pirates Clans_0.3.1_APKPure.xapk,,arm64,134.05MB
,v0.3.0,pirates.webp,https://apkcombo.com/om-nom-pirates-clans/com.omnom.piratesclans/download/phone-0.3.0-apk,,,
,v0.1.28,pirates.webp,https://apkcombo.com/om-nom-pirates-clans/com.omnom.piratesclans/download/phone-0.1.28-apk,,,
,v0.1.25,pirates.webp,https://apkcombo.com/om-nom-pirates-clans/com.omnom.piratesclans/download/phone-0.1.25-apk,,,
Om Nom Sea Brawl,com.omnom.seabrawl,pirates.webp,,1
,v0.3.22,pirates.webp,https://apkpure.com/om-nom-sea-brawl/com.omnom.seabrawl/download/0.3.22,,,
,,,https://cdn.candies.monster/apks/com.omnom.seabrawl/Om Nom Sea Brawl_0.3.22_APKPure.apk,,"arm64, arm32",155.56MB
,v0.3.24,pirates.webp,https://apkpure.com/om-nom-sea-brawl/com.omnom.seabrawl/download/0.3.24,,,
,,,https://cdn.candies.monster/apks/com.omnom.seabrawl/Om Nom Sea Brawl_0.3.24_APKPure.apk,,"arm64, arm32",156.12MB
,v0.3.25,pirates.webp,https://apkpure.com/om-nom-sea-brawl/com.omnom.seabrawl/download/0.3.25,,,
,,,https://cdn.candies.monster/apks/com.omnom.seabrawl/Om Nom Sea Brawl_0.3.25_APKPure.apk,,"arm64, arm32",156.12MB
,v0.3.26,pirates.webp,https://apkpure.com/om-nom-sea-brawl/com.omnom.seabrawl/download/0.3.26,,,
,,,https://cdn.candies.monster/apks/com.omnom.seabrawl/Om Nom Sea Brawl_0.3.26_APKPure.apk,,"arm64, arm32",156.12MB
Om Nom Battle Pirates,com.omnom.battlepirates,battlepirates.webp,,1,app-icon-11.png
,v1.0,battlepirates.webp,https://apkpure.com/om-nom-battle-pirates/com.omnom.battlepirates/download/1.0,,,
,,,https://cdn.candies.monster/apks/com.omnom.battlepirates/Om Nom Battle Pirates_1.0_APKPure.apk,,"arm64, arm32",89.91MB
Om Nom Pirates Tactics,com.omnom.piratestactics,piratestactics.webp,,1,app-icon-11.png
,v1.0,piratestactics.webp,https://apkpure.com/om-nom-pirates-tactics/com.omnom.piratestactics/download/1.0,,,
,,,https://cdn.candies.monster/apks/com.omnom.piratestactics/Om Nom Pirates Tactics_1.0_APKPure.apk,,"arm64, arm32",92.18MB
Merge Nommies,com.momzikov.mergenommie.google,mergenommies.webp,,2,anp-appicon-10.png,app-icon-11.png
,v10.1.205,mergenommies.webp,https://apkcombo.com/merge-nommies/com.momzikov.mergenommie.google/download/phone-10.1.205-apk,,,
,,,https://cdn.candies.monster/apks/com.momzikov.mergenommie.google/Merge Nommies_10.1.205_APKPure.apk,,"arm32, x86",51.85MB
,v9.1.184,mergenommies.webp,https://apkcombo.com/merge-nommies/com.momzikov.mergenommie.google/download/phone-9.1.184-apk,,,
,,,https://cdn.candies.monster/apks/com.momzikov.mergenommie.google/Merge Nommies_9.1.184_APKPure.apk,,"arm32, x86",51.11MB
,v7.1.162,mergenommies.webp,https://apkcombo.com/merge-nommies/com.momzikov.mergenommie.google/download/phone-7.1.162-apk,,,
,,,https://cdn.candies.monster/apks/com.momzikov.mergenommie.google/Merge Nommies_7.1.162_APKPure.apk,,"arm32, x86",50.18MB
Merge Nommies,com.momzikov.mergenommies.google,mergenommies.webp,the merge nommies of lies and deceit?? why are there two of them,2
,v2.1.58,mergenommies.webp,https://apkpure.com/merge-nommies/com.momzikov.mergenommies.google/download/2.1.58,,,
,,,https://cdn.candies.monster/apks/com.momzikov.mergenommies.google/Merge Nommies_2.1.58_APKPure.apk,,"arm32, x86",44.29MB
Wildlife Pop,com.vasilyandev.wildlifepop,wildlifepop.webp,,0,app-icon-41.png,app-icon-53.png
,v1.8,wildlifepop.webp,https://apkpure.com/wildlife-pop/com.vasilyandev.wildlifepop/download/1.8,,,
,,,https://cdn.candies.monster/apks/com.vasilyandev.wildlifepop/Wildlife POP!_1.8_APKPure.apk,,"arm32, x86",78.99MB
,v1.10,wildlifepop.webp,https://apkpure.com/wildlife-pop/com.vasilyandev.wildlifepop/download/1.10,,,
,,,https://cdn.candies.monster/apks/com.vasilyandev.wildlifepop/Wildlife POP!_1.10_APKPure.apk,,"arm32, x86",70.87MB
,v1.11,wildlifepop.webp,https://apkpure.com/wildlife-pop/com.vasilyandev.wildlifepop/download/1.11,,,
,,,https://cdn.candies.monster/apks/com.vasilyandev.wildlifepop/Wildlife POP!_1.11_APKPure.apk,,"arm32, x86",85.83MB
,v1.12,wildlifepop.webp,https://apkpure.com/wildlife-pop/com.vasilyandev.wildlifepop/download/1.12,,,
,,,https://cdn.candies.monster/apks/com.vasilyandev.wildlifepop/Wildlife POP!_1.12_APKPure.apk,,"arm32, x86",81.97MB
,v1.13,wildlifepop.webp,https://apkpure.com/wildlife-pop/com.vasilyandev.wildlifepop/download/1.13,,,
,,,https://cdn.candies.monster/apks/com.vasilyandev.wildlifepop/Wildlife POP!_1.13_APKPure.apk,,"arm32, x86",89.19MB
,v1.14,wildlifepop.webp,https://apkpure.com/wildlife-pop/com.vasilyandev.wildlifepop/download/1.14,,,
,,,https://cdn.candies.monster/apks/com.vasilyandev.wildlifepop/Wildlife POP!_1.14_APKPure.apk,,"arm32, x86",90.40MB
,v1.15,wildlifepop.webp,https://apkpure.com/wildlife-pop/com.vasilyandev.wildlifepop/download/1.15,,,
,,,https://cdn.candies.monster/apks/com.vasilyandev.wildlifepop/Wildlife POP!_1.15_APKPure.apk,,"arm32, x86",89.59MB
,v1.16,wildlifepop.webp,https://apkpure.com/wildlife-pop/com.vasilyandev.wildlifepop/download/1.16,,,
,,,https://cdn.candies.monster/apks/com.vasilyandev.wildlifepop/Wildlife POP!_1.16_APKPure.apk,,"arm32, x86",91.54MB
,v1.17,wildlifepop.webp,https://apkpure.com/wildlife-pop/com.vasilyandev.wildlifepop/download/1.17,,,
,,,https://cdn.candies.monster/apks/com.vasilyandev.wildlifepop/Wildlife POP!_1.17_APKPure.apk,,"arm32, x86",98.12MB
Fruit Blast,com.vasilyandev.fruitblast,fruitblast.webp,,0,app-icon-11.png,app-icon-23.png
,v1.2,fruitblast.webp,https://apkpure.com/fruit-blast/com.vasilyandev.fruitblast/download/1.2,,,
,,,https://cdn.candies.monster/apks/com.vasilyandev.fruitblast/Fruit Blast_1.2_APKPure.apk,,"arm32, x86",42.42MB
,v1.3,fruitblast.webp,https://apkpure.com/fruit-blast/com.vasilyandev.fruitblast/download/1.3,,,
,,,https://cdn.candies.monster/apks/com.vasilyandev.fruitblast/Fruit Blast_1.3_APKPure.apk,,"arm32, x86",53.28MB
,v1.4,fruitblast.webp,https://apkpure.com/fruit-blast/com.vasilyandev.fruitblast/download/1.4,,,
,,,https://cdn.candies.monster/apks/com.vasilyandev.fruitblast/Fruit Blast_1.4_APKPure.apk,,"arm32, x86",57.40MB
Om Nom Pin Puzzle,com.bigcodegames.om.nom.pin.puzzle,pinpuzzle.webp,,2,icon.png
,v0.3,pinpuzzle.webp,https://apkpure.com/om-nom-pin-puzzle/com.bigcodegames.om.nom.pin.puzzle/download/0.3,,,
,,,https://om-nom-pin-puzzle.en.uptodown.com/android/download,,,
,,,https://cdn.candies.monster/apks/com.bigcodegames.om.nom.pin.puzzle/Om Nom Pin Puzzle_0.3_APKPure.xapk,,arm64,46.15MB
,,,https://cdn.candies.monster/apks/com.bigcodegames.om.nom.pin.puzzle/om-nom-pin-puzzle-0-3.apk,,arm32,45.05MB
Monster Super Run,com.momzikov.superrun,run3.webp,,0,app-icon-11.png
,v0.2.2,run3.webp,https://apkpure.com/monster-super-run/com.momzikov.superrun/download/0.2.2,,,
,,,https://cdn.candies.monster/apks/com.momzikov.superrun/Monster Super Run_0.2.2_APKPure.xapk,,arm64,56.82MB
,v0.2.3,run3.webp,https://apkpure.com/monster-super-run/com.momzikov.superrun/download/0.2.3,,,
,,,https://cdn.candies.monster/apks/com.momzikov.superrun/Monster Super Run_0.2.3_APKPure.xapk,,arm64,56.80MB
Om Nom Run,com.momzikov.omnomrun.google,omnomrun.webp,,2,app-icon-11.png,icon.png,large-icon-13.png,large-icon-38.png
,v0.7.3,omnomrun.webp,https://apkpure.com/om-nom-run/com.momzikov.omnomrun.google/download/0.7.3,,,
,,,https://cdn.candies.monster/apks/com.momzikov.omnomrun.google/Om Nom Run_0.7.3_APKPure.apk,,arm32,53.21MB
,v0.7.2,omnomrun.webp,https://apkpure.com/om-nom-run/com.momzikov.omnomrun.google/download/0.7.2,,,
,,,https://cdn.candies.monster/apks/com.momzikov.omnomrun.google/Om Nom Run_0.7.2_APKPure.apk,,arm64,60.26MB
,v0.7.0,omnomrun.webp,https://apkpure.com/om-nom-run/com.momzikov.omnomrun.google/download/0.7.0,,,
,,,https://cdn.candies.monster/apks/com.momzikov.omnomrun.google/Om Nom Run_0.7.0_APKPure.apk,,arm32,52.05MB
,v0.6.2,omnomrun.webp,https://apkpure.com/om-nom-run/com.momzikov.omnomrun.google/download/0.6.2,,,
,,,https://cdn.candies.monster/apks/com.momzikov.omnomrun.google/Om Nom Run_0.6.2_APKPure.xapk,,arm64,52.70MB
,v0.6.0,omnomrun.webp,https://apkpure.com/om-nom-run/com.momzikov.omnomrun.google/download/0.6.0,,,
,,,https://cdn.candies.monster/apks/com.momzikov.omnomrun.google/Om Nom Run_0.6.0_APKPure.apk,,arm64,52.46MB
,v0.5.7,omnomrun.webp,https://apkpure.com/om-nom-run/com.momzikov.omnomrun.google/download/0.5.7,,,
,,,https://cdn.candies.monster/apks/com.momzikov.omnomrun.google/Om Nom Run_0.5.7_APKPure.xapk,,arm64,42.04MB
,v0.4.0,omnomrun.webp,https://apkpure.com/om-nom-run/com.momzikov.omnomrun.google/download/0.4.0,,,
,,,https://cdn.candies.monster/apks/com.momzikov.omnomrun.google/Om Nom Run_0.4.0_APKPure.apk,,"arm32, x86",55.20MB
,v0.3.1,omnomrun.webp,https://apkpure.com/om-nom-run/com.momzikov.omnomrun.google/download/0.3.1,,,
,,,https://cdn.candies.monster/apks/com.momzikov.omnomrun.google/Om Nom Run_0.3.1_APKPure.apk,,"arm32, x86",54.51MB
,v0.3.0,omnomrun.webp,https://apkpure.com/om-nom-run/com.momzikov.omnomrun.google/download/0.3.0,,,
,,,https://cdn.candies.monster/apks/com.momzikov.omnomrun.google/Om Nom Run_0.3.0_APKPure.apk,,"arm32, x86",51.24MB
Om Nom: Crazy Run,com.momzikov.crazyrun,crazyrun.webp,,0,app-icon-11.png
,v0.0.1,crazyrun.webp,https://apkpure.com/om-nom-crazy-run/com.momzikov.crazyrun/download/0.0.1,,,
,,,https://cdn.candies.monster/apks/com.momzikov.crazyrun/Om Nom_ Crazy Run_0.0.1_APKPure.apk,,"arm64, arm32",39.39MB
,v0.1.1,crazyrun.webp,https://apkpure.com/om-nom-crazy-run/com.momzikov.crazyrun/download/0.1.1,,,
,,,https://cdn.candies.monster/apks/com.momzikov.crazyrun/Om Nom_ Crazy Run_0.1.1_APKPure.apk,,"arm64, arm32",21.74MB
Om Nom Sports,com.momzikov.omnomsports,sports.webp,,0,app-icon-11.png
,v1.0.0,sports.webp,https://apkpure.com/om-nom-sports/com.momzikov.omnomsports/download/1.0.0,,,
,,,https://cdn.candies.monster/apks/com.momzikov.omnomsports/Om Nom Sports_1.0.0_APKPure.apk,,"arm64, arm32",24.42MB
Om Nom - Cooking Game,com.appon.cookinggame.omnom,cookinggame.webp,,2,icon.png
,v0.3,cookinggame.webp,https://apkpure.com/om-nom-cooking-game/com.appon.cookinggame.omnom/download/0.3,,,
,,,https://om-nom-cooking-game.en.uptodown.com/android/download,,,
,,,https://cdn.candies.monster/apks/com.appon.cookinggame.omnom/Om Nom _ Cooking Game_0.3_APKPure.xapk,,arm64,66.80MB
,,,https://cdn.candies.monster/apks/com.appon.cookinggame.omnom/om-nom-cooking-game-0-3.apk,,arm32,65.30MB
Om Nom Tower 3D,com.famobi.omnomtower3d,tower3d.webp,pretty new!,3,icon.png
,v20251105,tower3d.webp,https://apkpure.com/om-nom-tower-3d/com.famobi.omnomtower3d/download/20251105,,,
,,,https://cdn.candies.monster/apks/com.famobi.omnomtower3d/Om Nom Tower 3D_20251105_APKPure.xapk,,arm64,35.82MB
,v20251112,tower3d.webp,https://apkpure.com/om-nom-tower-3d/com.famobi.omnomtower3d/download/20251112,,,
,,,https://cdn.candies.monster/apks/com.famobi.omnomtower3d/Om Nom Tower 3D_20251112_APKPure.xapk,,arm64,35.44MB
,v20251208,tower3d.webp,https://apkpure.com/om-nom-tower-3d/com.famobi.omnomtower3d/download/20251208,,,
,,,https://cdn.candies.monster/apks/com.famobi.omnomtower3d/Om Nom Tower 3D_20251208_APKPure.xapk,,arm64,35.78MB
Beat Candy,com.amanotes.pamabeatcandy,candybeat.webp,,1,app-icon-11.png
,v1.13,candybeat.webp,https://apkpure.com/candy-beat/com.amanotes.pamabeatcandy/download/1.13,,,
,,,https://cdn.candies.monster/apks/com.amanotes.pamabeatcandy/Candy Beat_1.13_APKPure.apk,,arm64,54.28MB
,v1.12,candybeat.webp,https://apkpure.com/candy-beat/com.amanotes.pamabeatcandy/download/1.12,,,
,,,https://cdn.candies.monster/apks/com.amanotes.pamabeatcandy/Candy Beat_1.12_APKPure.apk,,arm64,54.27MB
,v1.11,candybeat.webp,https://apkpure.com/candy-beat/com.amanotes.pamabeatcandy/download/1.11,,,
,,,https://candy-beat.en.uptodown.com/android/download/2171328,,,
,,,https://cdn.candies.monster/apks/com.amanotes.pamabeatcandy/Candy Beat_1.11_APKPure.apk,,arm64,54.52MB
,v1.10,candybeat.webp,https://apkpure.com/candy-beat/com.amanotes.pamabeatcandy/download/1.10,,,
,,,https://candy-beat.en.uptodown.com/android/download/2168963,,,
,,,https://cdn.candies.monster/apks/com.amanotes.pamabeatcandy/Candy Beat_1.10_APKPure.apk,,arm64,54.51MB
,v1.8,candybeat.webp,https://candy-beat.en.uptodown.com/android/download/2165456,,,
,,,https://cdn.candies.monster/apks/com.amanotes.pamabeatcandy/candy-beat-1-8.apk,,arm64,57.68MB
,v1.5,candybeat.webp,https://apkpure.com/candy-beat/com.amanotes.pamabeatcandy/download/1.5,,,
,,,https://candy-beat.en.uptodown.com/android/download/1097387371,,,
,,,https://candy-beat.en.uptodown.com/android/download/1126345242,,,
,,,https://cdn.candies.monster/apks/com.amanotes.pamabeatcandy/Candy Beat_1.5_APKPure.apk,,arm64,50.50MB
,,,https://cdn.candies.monster/apks/com.amanotes.pamabeatcandy/candy-beat-1-5.apk,,arm32,49.76MB
Om Nom Marble Shooter,com.renderedideas.omnommarblematch,marbleshooter.webp,lost :(,0
,vIDK,marbleshooter.webp,,,,
Om Nom Farm,com.DefaultCompany.OmNomFarm,omnomfarm.webp,,0
,v0.1.11,omnomfarm.webp,https://cdn.candies.monster/leaks/OmNomFarm v0.1.11.apk,,"arm64, arm32",72.06MB
Draw the Rope,com.zeptolab.drawtherope,drawtherope.webp,,0
,v1.0,drawtherope.webp,https://cdn.candies.monster/leaks/draw-the-rope v1.0.apk,,arm64,21.26MB
Om Nom Big Adventure,com.zeptodev.nibblenombigadventure,bigadventure.webp,,0,icon-3.png
,v1.0,bigadventure.webp,https://cdn.candies.monster/leaks/BigAdventure v1.0 (1).apk,,arm64,150.67MB
Om Nom Sweet Dreams,com.zeptodev.onsweetdreams,onsweetdreams.webp,,0,icon-3.png
,v1.0,onsweetdreams.webp,https://cdn.candies.monster/leaks/OnSweetDreams v1.0 (1).apk,,arm64,96.69MB
Cut the Rope: Nibble Adventure,com.zeptolab.CTRNibbleAdventure,ctrnibbleadventure.webp,,0,icon-3.png
,v1.0,ctrnibbleadventure.webp,https://cdn.candies.monster/leaks/CTRNibbleAdventure v1.0 (1).apk,,arm64,239.66MB
Om Nom Magic Candies,com.zeptolab.OmNomMagicCandies,magiccandies.webp,,0,icon-3.png
,v1.0,magiccandies.webp,https://cdn.candies.monster/leaks/OmNomMagicCandies v1.0 (1).apk,,arm64,200.60MB
Cut The Rope Daily,com.zeptolab.ctrdaily,daily.webp,,0
,v1.10.0,daily.webp,https://cdn.candies.monster/leaks/Cut the Rope Daily v1.10.0 (1).apk,,"arm64, arm32",291.63MB
,v1.11.0,daily.webp,https://cdn.candies.monster/leaks/Cut the Rope Daily v1.11.0 (1).apk,,"arm64, arm32",316.43MB
,v1.12.0,daily.webp,https://cdn.candies.monster/leaks/Cut the Rope Daily v1.12.0 (1).apk,,"arm64, arm32",317.45MB
,v1.6.0,daily.webp,https://cdn.candies.monster/leaks/Cut the Rope Daily v1.6.0 (1).apk,,"arm64, arm32",257.90MB
,v1.9.0,daily.webp,https://cdn.candies.monster/leaks/Cut the Rope Daily v1.9.0 (1).apk,,"arm64, arm32",259.34MB
